#
# There is insufficient memory for the Java Runtime Environment to continue.
# Native memory allocation (malloc) failed to allocate 1546528 bytes. Error detail: Chunk::new
# Possible reasons:
#   The system is out of physical RAM or swap space
#   This process is running with CompressedOops enabled, and the Java Heap may be blocking the growth of the native heap
# Possible solutions:
#   Reduce memory load on the system
#   Increase physical memory or swap space
#   Check if swap backing store is full
#   Decrease Java heap size (-Xmx/-Xms)
#   Decrease number of Java threads
#   Decrease Java thread stack sizes (-Xss)
#   Set larger code cache with -XX:ReservedCodeCacheSize=
#   JVM is running with Unscaled Compressed Oops mode in which the Java heap is
#     placed in the first 4GB address space. The Java Heap base address is the
#     maximum limit for the native heap growth. Please use -XX:HeapBaseMinAddress
#     to set the Java Heap base and to place the Java Heap above 4GB virtual address.
# This output file may be truncated or incomplete.
#
#  Out of Memory Error (arena.cpp:191), pid=28224, tid=11076
#
# JRE version: OpenJDK Runtime Environment Temurin-17.0.16+8 (17.0.16+8) (build 17.0.16+8)
# Java VM: OpenJDK 64-Bit Server VM Temurin-17.0.16+8 (17.0.16+8, mixed mode, sharing, tiered, compressed oops, compressed class ptrs, g1 gc, windows-amd64)
# No core dump will be written. Minidumps are not enabled by default on client versions of Windows
#

---------------  S U M M A R Y ------------

Command Line: --add-opens=java.base/java.lang=ALL-UNNAMED --add-opens=java.base/java.lang.invoke=ALL-UNNAMED --add-opens=java.base/java.util=ALL-UNNAMED --add-opens=java.prefs/java.util.prefs=ALL-UNNAMED --add-exports=jdk.compiler/com.sun.tools.javac.api=ALL-UNNAMED --add-exports=jdk.compiler/com.sun.tools.javac.util=ALL-UNNAMED --add-opens=java.base/java.util=ALL-UNNAMED --add-opens=java.prefs/java.util.prefs=ALL-UNNAMED --add-opens=java.base/java.nio.charset=ALL-UNNAMED --add-opens=java.base/java.net=ALL-UNNAMED --add-opens=java.base/java.util.concurrent.atomic=ALL-UNNAMED --add-opens=java.xml/javax.xml.namespace=ALL-UNNAMED -XX:MaxMetaspaceSize=512m -Xmx2048m -Dfile.encoding=windows-1252 -Duser.country=US -Duser.language=en -Duser.variant -javaagent:C:\Users\devil\.gradle\wrapper\dists\gradle-8.14.3-bin\cv11ve7ro1n3o1j4so8xd9n66\gradle-8.14.3\lib\agents\gradle-instrumentation-agent-8.14.3.jar org.gradle.launcher.daemon.bootstrap.GradleDaemon 8.14.3

Host: AMD Ryzen 5 5600H with Radeon Graphics         , 12 cores, 7G,  Windows 11 , 64 bit Build 26100 (10.0.26100.8875)
Time: Tue Jul 28 18:32:13 2026 India Standard Time elapsed time: 150.755776 seconds (0d 0h 2m 30s)

---------------  T H R E A D  ---------------

Current thread (0x0000019907ee6580):  JavaThread "C2 CompilerThread1" daemon [_thread_in_native, id=11076, stack(0x0000008f68900000,0x0000008f68a00000)]


Current CompileTask:
C2: 150756 43345       4       com.android.tools.r8.dex.t0::a (57 bytes)

Stack: [0x0000008f68900000,0x0000008f68a00000]
Native frames: (J=compiled Java code, j=interpreted, Vv=VM code, C=native code)
V  [jvm.dll+0x683169]
V  [jvm.dll+0x839ac8]
V  [jvm.dll+0x83b573]
V  [jvm.dll+0x83bbe3]
V  [jvm.dll+0x2473ff]
V  [jvm.dll+0xace94]
V  [jvm.dll+0xad52c]
V  [jvm.dll+0x365e0e]
V  [jvm.dll+0x1babb9]
V  [jvm.dll+0x218477]
V  [jvm.dll+0x21775f]
V  [jvm.dll+0x1a32a0]
V  [jvm.dll+0x227b3c]
V  [jvm.dll+0x225ccb]
V  [jvm.dll+0x7ef2d8]
V  [jvm.dll+0x7e979c]
V  [jvm.dll+0x682047]
C  [ucrtbase.dll+0x2cd30]
C  [KERNEL32.DLL+0x2e957]
C  [ntdll.dll+0xaad6c]


---------------  P R O C E S S  ---------------

Threads class SMR info:
_java_thread_list=0x000001990fb3bc30, length=247, elements={
0x0000019943bc43b0, 0x00000199624ae4c0, 0x00000199624b0c00, 0x00000199624d3900,
0x00000199624d62d0, 0x00000199624d9810, 0x00000199624dd4f0, 0x00000199624e73d0,
0x00000199624ebd20, 0x00000199624ed9f0, 0x000001996249c1e0, 0x00000199627a7100,
0x000001997f2500f0, 0x000001997e5566e0, 0x000001997e5561d0, 0x000001997e557100,
0x000001997e558030, 0x000001997e556bf0, 0x000001997e557610, 0x000001997e558f60,
0x000001997e557b20, 0x000001997e558540, 0x000001997e555cc0, 0x00000199044f0870,
0x00000199044f17a0, 0x00000199044f4a40, 0x00000199044f26d0, 0x00000199044f1290,
0x00000199044f3600, 0x00000199044f4020, 0x00000199044f4f50, 0x00000199044f1cb0,
0x00000199044f77d0, 0x00000199044f68a0, 0x00000199044f6db0, 0x00000199044f72c0,
0x00000199044f7ce0, 0x00000199053f9c90, 0x00000199053fbaf0, 0x00000199053fa1a0,
0x00000199053fb5e0, 0x00000199053fb0d0, 0x00000199053fa6b0, 0x00000199053fc000,
0x00000199053fabc0, 0x000001997e559470, 0x000001997e558a50, 0x00000199066f4f10,
0x00000199066f5420, 0x00000199066f5e40, 0x00000199066f30b0, 0x00000199066f35c0,
0x00000199066f3fe0, 0x00000199066f4a00, 0x00000199066f7280, 0x00000199066f3ad0,
0x00000199066f6860, 0x00000199066f5930, 0x00000199066f6350, 0x00000199066f6d70,
0x00000199066f7790, 0x00000199066f7ca0, 0x00000199066f44f0, 0x00000199066f81b0,
0x00000199066fa010, 0x00000199066f86c0, 0x00000199066f8bd0, 0x00000199066f90e0,
0x00000199066f9b00, 0x00000199066f95f0, 0x00000199066fa520, 0x00000199066faa30,
0x0000019906a2c300, 0x0000019906a29f90, 0x0000019906a2c810, 0x0000019906a29060,
0x0000019906a2a4a0, 0x0000019906a2bdf0, 0x0000019906a29570, 0x0000019906a29a80,
0x0000019906a2d230, 0x0000019906a2b3d0, 0x0000019906a2d740, 0x0000019906a2dc50,
0x0000019906a2e160, 0x0000019906a2a9b0, 0x0000019906a2e670, 0x0000019906a2aec0,
0x0000019906a2eb80, 0x0000019906a2f090, 0x0000019906a2f5a0, 0x0000019906a2ffc0,
0x0000019906a309e0, 0x00000199072967d0, 0x00000199072971f0, 0x0000019907296ce0,
0x0000019907297700, 0x0000019907297c10, 0x0000019907294460, 0x0000019907295db0,
0x00000199072958a0, 0x0000019907298120, 0x0000019907294970, 0x0000019907294e80,
0x00000199072962c0, 0x0000019907298630, 0x0000019907295390, 0x0000019907299a70,
0x000001990729a9a0, 0x000001990729a490, 0x000001990729aeb0, 0x0000019907299050,
0x000001990729b3c0, 0x0000019907298b40, 0x000001990729b8d0, 0x000001990729bde0,
0x0000019907299f80, 0x0000019907299560, 0x00000199089e3350, 0x00000199089e0ad0,
0x00000199089e0fe0, 0x00000199089e1a00, 0x00000199089e2420, 0x00000199089e2e40,
0x00000199089e1f10, 0x00000199089e2930, 0x00000199089e5bd0, 0x00000199089e60e0,
0x00000199089e4ca0, 0x00000199089e65f0, 0x00000199089e51b0, 0x00000199089e4790,
0x00000199089e4280, 0x00000199089e6b00, 0x00000199089e7010, 0x00000199089e7520,
0x000001997e930b60, 0x000001997e931070, 0x000001997e931580, 0x000001997e930650,
0x000001997e931a90, 0x000001997e931fa0, 0x000001997e9324b0, 0x000001997e930140,
0x000001997e933e00, 0x000001997e935c60, 0x000001997e934310, 0x000001997e936170,
0x000001997e934d30, 0x000001997e9329c0, 0x000001997e9338f0, 0x000001997e936680,
0x000001997e935240, 0x000001997e932ed0, 0x000001997e934820, 0x000001997e935750,
0x000001997e936b90, 0x000001997e9333e0, 0x000001997e9375b0, 0x000001997e9370a0,
0x000001997e937ac0, 0x00000199044f4530, 0x00000199053f8d60, 0x0000019908a9f930,
0x0000019908a9f420, 0x0000019908a9d0b0, 0x0000019908a9fe40, 0x0000019908a9dfe0,
0x0000019908aa0350, 0x0000019908a9ef10, 0x0000019908aa0860, 0x0000019908aa0d70,
0x0000019908a9d5c0, 0x0000019908a9ea00, 0x0000019908aa1280, 0x0000019908a9dad0,
0x0000019908a9e4f0, 0x0000019908aa4520, 0x0000019908aa4a30, 0x0000019908aa4010,
0x0000019908aa35f0, 0x0000019908aa1790, 0x0000019908aa30e0, 0x0000019908aa26c0,
0x0000019908aa1ca0, 0x0000019908aa2bd0, 0x0000019908aa21b0, 0x00000199066b44b0,
0x00000199066b49c0, 0x00000199066b53e0, 0x00000199066b6310, 0x00000199066b5e00,
0x00000199066b7240, 0x00000199066b3a90, 0x00000199066ba4e0, 0x00000199066b8170,
0x00000199066ba9f0, 0x00000199066b95b0, 0x00000199084b1140, 0x00000199084aedd0,
0x00000199084af2e0, 0x00000199084b2a90, 0x00000199084b2fa0, 0x00000199084b34b0,
0x00000199084afd00, 0x00000199084b5820, 0x00000199084b6240, 0x00000199084b5d30,
0x00000199084bd1a0, 0x00000199084bae30, 0x00000199084ba920, 0x00000199084bcc90,
0x0000019907ee6580, 0x00000199084bb340, 0x00000199084ba410, 0x00000199084bb850,
0x00000199084be0d0, 0x00000199084bbd60, 0x0000019906a2cd20, 0x00000199089e05c0,
0x000001991728e9b0, 0x000001991728cb50, 0x0000019917292670, 0x0000019917291740,
0x0000019917292b80, 0x0000019917291c50, 0x0000019917292160, 0x000001991728f3d0,
0x0000019917293090, 0x000001991728f8e0, 0x0000019917290d20, 0x00000199172935a0,
0x0000019917290300, 0x0000019917293ab0, 0x0000019917293fc0, 0x0000019917298bb0,
0x0000019917295400, 0x00000199172990c0, 0x0000019917299ae0, 0x000001991729a500,
0x00000199084b43e0, 0x00000199084bc780, 0x00000199084bdbc0, 0x0000019907eea540,
0x00000199172944d0, 0x0000019917291230, 0x00000199172986a0
}

Java Threads: ( => current thread )
  0x0000019943bc43b0 JavaThread "main" [_thread_blocked, id=26720, stack(0x0000008f5b400000,0x0000008f5b500000)]
  0x00000199624ae4c0 JavaThread "Reference Handler" daemon [_thread_blocked, id=24320, stack(0x0000008f5bb00000,0x0000008f5bc00000)]
  0x00000199624b0c00 JavaThread "Finalizer" daemon [_thread_blocked, id=18044, stack(0x0000008f5bc00000,0x0000008f5bd00000)]
  0x00000199624d3900 JavaThread "Signal Dispatcher" daemon [_thread_blocked, id=13004, stack(0x0000008f5bd00000,0x0000008f5be00000)]
  0x00000199624d62d0 JavaThread "Attach Listener" daemon [_thread_blocked, id=27276, stack(0x0000008f5be00000,0x0000008f5bf00000)]
  0x00000199624d9810 JavaThread "Service Thread" daemon [_thread_blocked, id=19432, stack(0x0000008f5bf00000,0x0000008f5c000000)]
  0x00000199624dd4f0 JavaThread "Monitor Deflation Thread" daemon [_thread_blocked, id=11112, stack(0x0000008f5c000000,0x0000008f5c100000)]
  0x00000199624e73d0 JavaThread "C2 CompilerThread0" daemon [_thread_in_native, id=12364, stack(0x0000008f5c100000,0x0000008f5c200000)]
  0x00000199624ebd20 JavaThread "C1 CompilerThread0" daemon [_thread_in_native, id=26384, stack(0x0000008f5c200000,0x0000008f5c300000)]
  0x00000199624ed9f0 JavaThread "Sweeper thread" daemon [_thread_blocked, id=12372, stack(0x0000008f5c300000,0x0000008f5c400000)]
  0x000001996249c1e0 JavaThread "Common-Cleaner" daemon [_thread_blocked, id=24056, stack(0x0000008f5c400000,0x0000008f5c500000)]
  0x00000199627a7100 JavaThread "Notification Thread" daemon [_thread_blocked, id=18384, stack(0x0000008f5c500000,0x0000008f5c600000)]
  0x000001997f2500f0 JavaThread "Daemon health stats" [_thread_blocked, id=11984, stack(0x0000008f5cc00000,0x0000008f5cd00000)]
  0x000001997e5566e0 JavaThread "Incoming local TCP Connector on port 54008" [_thread_in_native, id=3348, stack(0x0000008f5cd00000,0x0000008f5ce00000)]
  0x000001997e5561d0 JavaThread "Daemon periodic checks" [_thread_blocked, id=23524, stack(0x0000008f5ce00000,0x0000008f5cf00000)]
  0x000001997e557100 JavaThread "Daemon" [_thread_blocked, id=10880, stack(0x0000008f5cf00000,0x0000008f5d000000)]
  0x000001997e558030 JavaThread "Handler for socket connection from /127.0.0.1:54008 to /127.0.0.1:54009" [_thread_in_native, id=3412, stack(0x0000008f5d000000,0x0000008f5d100000)]
  0x000001997e556bf0 JavaThread "Cancel handler" [_thread_blocked, id=2288, stack(0x0000008f5d100000,0x0000008f5d200000)]
  0x000001997e557610 JavaThread "Daemon worker" [_thread_blocked, id=12756, stack(0x0000008f5d200000,0x0000008f5d300000)]
  0x000001997e558f60 JavaThread "Asynchronous log dispatcher for DefaultDaemonConnection: socket connection from /127.0.0.1:54008 to /127.0.0.1:54009" [_thread_blocked, id=23788, stack(0x0000008f5d300000,0x0000008f5d400000)]
  0x000001997e557b20 JavaThread "Stdin handler" [_thread_blocked, id=29080, stack(0x0000008f5d400000,0x0000008f5d500000)]
  0x000001997e558540 JavaThread "Daemon client event forwarder" [_thread_blocked, id=26200, stack(0x0000008f5d500000,0x0000008f5d600000)]
  0x000001997e555cc0 JavaThread "Cache worker for journal cache (C:\Users\devil\.gradle\caches\journal-1)" [_thread_blocked, id=13756, stack(0x0000008f5d600000,0x0000008f5d700000)]
  0x00000199044f0870 JavaThread "File lock request listener" [_thread_in_native, id=27364, stack(0x0000008f5d700000,0x0000008f5d800000)]
  0x00000199044f17a0 JavaThread "Cache worker for file hash cache (C:\Users\devil\.gradle\caches\8.14.3\fileHashes)" [_thread_blocked, id=26448, stack(0x0000008f5d800000,0x0000008f5d900000)]
  0x00000199044f4a40 JavaThread "Cache worker for file hash cache (E:\Own products\Scrap-it-\apps\mobile\android\.gradle\8.14.3\fileHashes)" [_thread_blocked, id=27804, stack(0x0000008f5de00000,0x0000008f5df00000)]
  0x00000199044f26d0 JavaThread "Cache worker for Build Output Cleanup Cache (E:\Own products\Scrap-it-\apps\mobile\android\.gradle\buildOutputCleanup)" [_thread_blocked, id=29216, stack(0x0000008f5df00000,0x0000008f5e000000)]
  0x00000199044f1290 JavaThread "File watcher server" daemon [_thread_in_native, id=9936, stack(0x0000008f5e200000,0x0000008f5e300000)]
  0x00000199044f3600 JavaThread "File watcher consumer" daemon [_thread_blocked, id=28524, stack(0x0000008f5e300000,0x0000008f5e400000)]
  0x00000199044f4020 JavaThread "jar transforms" [_thread_blocked, id=10272, stack(0x0000008f5e400000,0x0000008f5e500000)]
  0x00000199044f4f50 JavaThread "Cache worker for checksums cache (E:\Own products\Scrap-it-\apps\mobile\android\.gradle\8.14.3\checksums)" [_thread_blocked, id=22596, stack(0x0000008f5e500000,0x0000008f5e600000)]
  0x00000199044f1cb0 JavaThread "Cache worker for file content cache (C:\Users\devil\.gradle\caches\8.14.3\fileContent)" [_thread_blocked, id=13768, stack(0x0000008f5e600000,0x0000008f5e700000)]
  0x00000199044f77d0 JavaThread "Exec process" [_thread_in_native, id=3968, stack(0x0000008f5e700000,0x0000008f5e800000)]
  0x00000199044f68a0 JavaThread "Exec process Thread 2" [_thread_in_native, id=12772, stack(0x0000008f5e800000,0x0000008f5e900000)]
  0x00000199044f6db0 JavaThread "Exec process Thread 3" [_thread_in_native, id=28456, stack(0x0000008f5e900000,0x0000008f5ea00000)]
  0x00000199044f72c0 JavaThread "Cache worker for cache directory md-supplier (C:\Users\devil\.gradle\caches\8.14.3\md-supplier)" [_thread_blocked, id=24184, stack(0x0000008f5eb00000,0x0000008f5ec00000)]
  0x00000199044f7ce0 JavaThread "Cache worker for cache directory md-rule (C:\Users\devil\.gradle\caches\8.14.3\md-rule)" [_thread_blocked, id=12492, stack(0x0000008f5ec00000,0x0000008f5ed00000)]
  0x00000199053f9c90 JavaThread "Cache worker for Build Output Cleanup Cache (E:\Own products\Scrap-it-\node_modules\@react-native\gradle-plugin\.gradle\buildOutputCleanup)" [_thread_blocked, id=24428, stack(0x0000008f5ed00000,0x0000008f5ee00000)]
  0x00000199053fbaf0 JavaThread "Unconstrained build operations" [_thread_blocked, id=25532, stack(0x0000008f5ee00000,0x0000008f5ef00000)]
  0x00000199053fa1a0 JavaThread "Unconstrained build operations Thread 2" [_thread_blocked, id=15036, stack(0x0000008f5ef00000,0x0000008f5f000000)]
  0x00000199053fb5e0 JavaThread "Unconstrained build operations Thread 3" [_thread_blocked, id=27168, stack(0x0000008f5f000000,0x0000008f5f100000)]
  0x00000199053fb0d0 JavaThread "Unconstrained build operations Thread 4" [_thread_blocked, id=18740, stack(0x0000008f5f100000,0x0000008f5f200000)]
  0x00000199053fa6b0 JavaThread "Unconstrained build operations Thread 5" [_thread_blocked, id=5876, stack(0x0000008f5f200000,0x0000008f5f300000)]
  0x00000199053fc000 JavaThread "Unconstrained build operations Thread 6" [_thread_blocked, id=11368, stack(0x0000008f5f300000,0x0000008f5f400000)]
  0x00000199053fabc0 JavaThread "Cache worker for Build Output Cleanup Cache (E:\Own products\Scrap-it-\node_modules\expo-modules-autolinking\android\expo-gradle-plugin\.gradle\buildOutputCleanup)" [_thread_blocked, id=26616, stack(0x0000008f5f400000,0x0000008f5f500000)]
  0x000001997e559470 JavaThread "Unconstrained build operations Thread 7" [_thread_blocked, id=10204, stack(0x0000008f5f500000,0x0000008f5f600000)]
  0x000001997e558a50 JavaThread "Unconstrained build operations Thread 8" [_thread_blocked, id=26980, stack(0x0000008f5f600000,0x0000008f5f700000)]
  0x00000199066f4f10 JavaThread "Unconstrained build operations Thread 9" [_thread_blocked, id=23628, stack(0x0000008f5f700000,0x0000008f5f800000)]
  0x00000199066f5420 JavaThread "Unconstrained build operations Thread 10" [_thread_blocked, id=9780, stack(0x0000008f5f800000,0x0000008f5f900000)]
  0x00000199066f5e40 JavaThread "Unconstrained build operations Thread 11" [_thread_blocked, id=23396, stack(0x0000008f5f900000,0x0000008f5fa00000)]
  0x00000199066f30b0 JavaThread "Unconstrained build operations Thread 12" [_thread_in_Java, id=21524, stack(0x0000008f5fa00000,0x0000008f5fb00000)]
  0x00000199066f35c0 JavaThread "Unconstrained build operations Thread 13" [_thread_blocked, id=11044, stack(0x0000008f5fb00000,0x0000008f5fc00000)]
  0x00000199066f3fe0 JavaThread "Unconstrained build operations Thread 14" [_thread_blocked, id=7848, stack(0x0000008f5fc00000,0x0000008f5fd00000)]
  0x00000199066f4a00 JavaThread "Unconstrained build operations Thread 15" [_thread_blocked, id=11060, stack(0x0000008f5fd00000,0x0000008f5fe00000)]
  0x00000199066f7280 JavaThread "Unconstrained build operations Thread 16" [_thread_blocked, id=19056, stack(0x0000008f5fe00000,0x0000008f5ff00000)]
  0x00000199066f3ad0 JavaThread "Unconstrained build operations Thread 17" [_thread_blocked, id=22748, stack(0x0000008f5ff00000,0x0000008f60000000)]
  0x00000199066f6860 JavaThread "Unconstrained build operations Thread 18" [_thread_blocked, id=15408, stack(0x0000008f60000000,0x0000008f60100000)]
  0x00000199066f5930 JavaThread "Unconstrained build operations Thread 19" [_thread_blocked, id=20428, stack(0x0000008f60100000,0x0000008f60200000)]
  0x00000199066f6350 JavaThread "Unconstrained build operations Thread 20" [_thread_blocked, id=23844, stack(0x0000008f60200000,0x0000008f60300000)]
  0x00000199066f6d70 JavaThread "Unconstrained build operations Thread 21" [_thread_blocked, id=29100, stack(0x0000008f60300000,0x0000008f60400000)]
  0x00000199066f7790 JavaThread "Unconstrained build operations Thread 22" [_thread_blocked, id=13128, stack(0x0000008f60400000,0x0000008f60500000)]
  0x00000199066f7ca0 JavaThread "Unconstrained build operations Thread 23" [_thread_blocked, id=22488, stack(0x0000008f60500000,0x0000008f60600000)]
  0x00000199066f44f0 JavaThread "Unconstrained build operations Thread 24" [_thread_blocked, id=24612, stack(0x0000008f60600000,0x0000008f60700000)]
  0x00000199066f81b0 JavaThread "Unconstrained build operations Thread 25" [_thread_blocked, id=20104, stack(0x0000008f60700000,0x0000008f60800000)]
  0x00000199066fa010 JavaThread "Unconstrained build operations Thread 26" [_thread_blocked, id=28436, stack(0x0000008f60800000,0x0000008f60900000)]
  0x00000199066f86c0 JavaThread "Unconstrained build operations Thread 27" [_thread_blocked, id=12444, stack(0x0000008f60900000,0x0000008f60a00000)]
  0x00000199066f8bd0 JavaThread "Unconstrained build operations Thread 28" [_thread_blocked, id=1632, stack(0x0000008f60a00000,0x0000008f60b00000)]
  0x00000199066f90e0 JavaThread "Unconstrained build operations Thread 29" [_thread_in_Java, id=21120, stack(0x0000008f60b00000,0x0000008f60c00000)]
  0x00000199066f9b00 JavaThread "Unconstrained build operations Thread 30" [_thread_blocked, id=17476, stack(0x0000008f60c00000,0x0000008f60d00000)]
  0x00000199066f95f0 JavaThread "Unconstrained build operations Thread 31" [_thread_blocked, id=16480, stack(0x0000008f60d00000,0x0000008f60e00000)]
  0x00000199066fa520 JavaThread "Unconstrained build operations Thread 32" [_thread_blocked, id=1764, stack(0x0000008f60e00000,0x0000008f60f00000)]
  0x00000199066faa30 JavaThread "Unconstrained build operations Thread 33" [_thread_blocked, id=21660, stack(0x0000008f60f00000,0x0000008f61000000)]
  0x0000019906a2c300 JavaThread "Unconstrained build operations Thread 34" [_thread_blocked, id=10848, stack(0x0000008f61000000,0x0000008f61100000)]
  0x0000019906a29f90 JavaThread "Unconstrained build operations Thread 35" [_thread_blocked, id=29336, stack(0x0000008f61100000,0x0000008f61200000)]
  0x0000019906a2c810 JavaThread "Unconstrained build operations Thread 36" [_thread_blocked, id=388, stack(0x0000008f61200000,0x0000008f61300000)]
  0x0000019906a29060 JavaThread "Unconstrained build operations Thread 37" [_thread_blocked, id=11404, stack(0x0000008f61300000,0x0000008f61400000)]
  0x0000019906a2a4a0 JavaThread "Unconstrained build operations Thread 38" [_thread_in_native, id=27888, stack(0x0000008f61400000,0x0000008f61500000)]
  0x0000019906a2bdf0 JavaThread "Unconstrained build operations Thread 39" [_thread_blocked, id=24580, stack(0x0000008f61500000,0x0000008f61600000)]
  0x0000019906a29570 JavaThread "build event listener" [_thread_blocked, id=708, stack(0x0000008f5ea00000,0x0000008f5eb00000)]
  0x0000019906a29a80 JavaThread "Memory manager" [_thread_blocked, id=27764, stack(0x0000008f61600000,0x0000008f61700000)]
  0x0000019906a2d230 JavaThread "Unconstrained build operations Thread 40" [_thread_blocked, id=2560, stack(0x0000008f61800000,0x0000008f61900000)]
  0x0000019906a2b3d0 JavaThread "Unconstrained build operations Thread 41" [_thread_blocked, id=21200, stack(0x0000008f61900000,0x0000008f61a00000)]
  0x0000019906a2d740 JavaThread "Unconstrained build operations Thread 42" [_thread_blocked, id=12768, stack(0x0000008f61a00000,0x0000008f61b00000)]
  0x0000019906a2dc50 JavaThread "Unconstrained build operations Thread 43" [_thread_blocked, id=10036, stack(0x0000008f61b00000,0x0000008f61c00000)]
  0x0000019906a2e160 JavaThread "Unconstrained build operations Thread 44" [_thread_blocked, id=23760, stack(0x0000008f61c00000,0x0000008f61d00000)]
  0x0000019906a2a9b0 JavaThread "Unconstrained build operations Thread 45" [_thread_blocked, id=18748, stack(0x0000008f61d00000,0x0000008f61e00000)]
  0x0000019906a2e670 JavaThread "Unconstrained build operations Thread 46" [_thread_blocked, id=16060, stack(0x0000008f61e00000,0x0000008f61f00000)]
  0x0000019906a2aec0 JavaThread "Unconstrained build operations Thread 47" [_thread_blocked, id=28236, stack(0x0000008f61f00000,0x0000008f62000000)]
  0x0000019906a2eb80 JavaThread "Unconstrained build operations Thread 48" [_thread_blocked, id=16268, stack(0x0000008f62000000,0x0000008f62100000)]
  0x0000019906a2f090 JavaThread "Unconstrained build operations Thread 49" [_thread_blocked, id=7272, stack(0x0000008f62100000,0x0000008f62200000)]
  0x0000019906a2f5a0 JavaThread "Unconstrained build operations Thread 50" [_thread_blocked, id=23180, stack(0x0000008f62200000,0x0000008f62300000)]
  0x0000019906a2ffc0 JavaThread "build event listener" [_thread_blocked, id=11832, stack(0x0000008f62300000,0x0000008f62400000)]
  0x0000019906a309e0 JavaThread "Unconstrained build operations Thread 51" [_thread_blocked, id=27332, stack(0x0000008f62400000,0x0000008f62500000)]
  0x00000199072967d0 JavaThread "Unconstrained build operations Thread 52" [_thread_blocked, id=3408, stack(0x0000008f62500000,0x0000008f62600000)]
  0x00000199072971f0 JavaThread "Unconstrained build operations Thread 53" [_thread_blocked, id=21792, stack(0x0000008f62600000,0x0000008f62700000)]
  0x0000019907296ce0 JavaThread "Unconstrained build operations Thread 54" [_thread_blocked, id=15544, stack(0x0000008f62700000,0x0000008f62800000)]
  0x0000019907297700 JavaThread "Unconstrained build operations Thread 55" [_thread_blocked, id=26996, stack(0x0000008f62800000,0x0000008f62900000)]
  0x0000019907297c10 JavaThread "Unconstrained build operations Thread 56" [_thread_blocked, id=6252, stack(0x0000008f62900000,0x0000008f62a00000)]
  0x0000019907294460 JavaThread "Unconstrained build operations Thread 57" [_thread_in_native, id=28324, stack(0x0000008f62a00000,0x0000008f62b00000)]
  0x0000019907295db0 JavaThread "Unconstrained build operations Thread 58" [_thread_blocked, id=11636, stack(0x0000008f62b00000,0x0000008f62c00000)]
  0x00000199072958a0 JavaThread "Unconstrained build operations Thread 59" [_thread_blocked, id=11744, stack(0x0000008f62c00000,0x0000008f62d00000)]
  0x0000019907298120 JavaThread "Unconstrained build operations Thread 60" [_thread_blocked, id=10528, stack(0x0000008f62d00000,0x0000008f62e00000)]
  0x0000019907294970 JavaThread "Unconstrained build operations Thread 61" [_thread_blocked, id=11400, stack(0x0000008f62e00000,0x0000008f62f00000)]
  0x0000019907294e80 JavaThread "Unconstrained build operations Thread 62" [_thread_blocked, id=12644, stack(0x0000008f62f00000,0x0000008f63000000)]
  0x00000199072962c0 JavaThread "Unconstrained build operations Thread 63" [_thread_blocked, id=27052, stack(0x0000008f63000000,0x0000008f63100000)]
  0x0000019907298630 JavaThread "Unconstrained build operations Thread 64" [_thread_blocked, id=14240, stack(0x0000008f63100000,0x0000008f63200000)]
  0x0000019907295390 JavaThread "Unconstrained build operations Thread 65" [_thread_blocked, id=14548, stack(0x0000008f63200000,0x0000008f63300000)]
  0x0000019907299a70 JavaThread "Unconstrained build operations Thread 66" [_thread_blocked, id=7692, stack(0x0000008f63300000,0x0000008f63400000)]
  0x000001990729a9a0 JavaThread "Unconstrained build operations Thread 67" [_thread_blocked, id=13188, stack(0x0000008f63400000,0x0000008f63500000)]
  0x000001990729a490 JavaThread "Unconstrained build operations Thread 68" [_thread_blocked, id=27744, stack(0x0000008f63500000,0x0000008f63600000)]
  0x000001990729aeb0 JavaThread "Unconstrained build operations Thread 69" [_thread_blocked, id=21712, stack(0x0000008f63600000,0x0000008f63700000)]
  0x0000019907299050 JavaThread "Unconstrained build operations Thread 70" [_thread_blocked, id=11384, stack(0x0000008f63700000,0x0000008f63800000)]
  0x000001990729b3c0 JavaThread "Unconstrained build operations Thread 71" [_thread_blocked, id=3184, stack(0x0000008f63800000,0x0000008f63900000)]
  0x0000019907298b40 JavaThread "Unconstrained build operations Thread 72" [_thread_blocked, id=19504, stack(0x0000008f63900000,0x0000008f63a00000)]
  0x000001990729b8d0 JavaThread "Unconstrained build operations Thread 73" [_thread_blocked, id=18964, stack(0x0000008f63a00000,0x0000008f63b00000)]
  0x000001990729bde0 JavaThread "Unconstrained build operations Thread 74" [_thread_blocked, id=13088, stack(0x0000008f63b00000,0x0000008f63c00000)]
  0x0000019907299f80 JavaThread "ForkJoinPool.commonPool-worker-1" daemon [_thread_blocked, id=29420, stack(0x0000008f63c00000,0x0000008f63d00000)]
  0x0000019907299560 JavaThread "ForkJoinPool.commonPool-worker-2" daemon [_thread_blocked, id=27572, stack(0x0000008f63d00000,0x0000008f63e00000)]
  0x00000199089e3350 JavaThread "ForkJoinPool.commonPool-worker-3" daemon [_thread_blocked, id=14016, stack(0x0000008f63e00000,0x0000008f63f00000)]
  0x00000199089e0ad0 JavaThread "ForkJoinPool.commonPool-worker-4" daemon [_thread_blocked, id=13224, stack(0x0000008f63f00000,0x0000008f64000000)]
  0x00000199089e0fe0 JavaThread "ForkJoinPool.commonPool-worker-6" daemon [_thread_blocked, id=9180, stack(0x0000008f64100000,0x0000008f64200000)]
  0x00000199089e1a00 JavaThread "ForkJoinPool.commonPool-worker-7" daemon [_thread_blocked, id=24280, stack(0x0000008f64200000,0x0000008f64300000)]
  0x00000199089e2420 JavaThread "ForkJoinPool.commonPool-worker-8" daemon [_thread_blocked, id=2564, stack(0x0000008f64300000,0x0000008f64400000)]
  0x00000199089e2e40 JavaThread "ForkJoinPool.commonPool-worker-9" daemon [_thread_blocked, id=25004, stack(0x0000008f64400000,0x0000008f64500000)]
  0x00000199089e1f10 JavaThread "ForkJoinPool.commonPool-worker-10" daemon [_thread_blocked, id=13180, stack(0x0000008f64500000,0x0000008f64600000)]
  0x00000199089e2930 JavaThread "ForkJoinPool.commonPool-worker-11" daemon [_thread_blocked, id=26220, stack(0x0000008f64600000,0x0000008f64700000)]
  0x00000199089e5bd0 JavaThread "included builds Thread 3" [_thread_blocked, id=25220, stack(0x0000008f64c00000,0x0000008f64d00000)]
  0x00000199089e60e0 JavaThread "Execution worker" [_thread_blocked, id=23624, stack(0x0000008f64d00000,0x0000008f64e00000)]
  0x00000199089e4ca0 JavaThread "Execution worker Thread 2" [_thread_blocked, id=14204, stack(0x0000008f64e00000,0x0000008f64f00000)]
  0x00000199089e65f0 JavaThread "Execution worker Thread 3" [_thread_in_Java, id=1940, stack(0x0000008f64f00000,0x0000008f65000000)]
  0x00000199089e51b0 JavaThread "Execution worker Thread 4" [_thread_blocked, id=1816, stack(0x0000008f65000000,0x0000008f65100000)]
  0x00000199089e4790 JavaThread "Execution worker Thread 5" [_thread_blocked, id=26248, stack(0x0000008f65100000,0x0000008f65200000)]
  0x00000199089e4280 JavaThread "Execution worker Thread 6" [_thread_blocked, id=27012, stack(0x0000008f65200000,0x0000008f65300000)]
  0x00000199089e6b00 JavaThread "Execution worker Thread 7" [_thread_blocked, id=16552, stack(0x0000008f65300000,0x0000008f65400000)]
  0x00000199089e7010 JavaThread "Execution worker Thread 8" [_thread_blocked, id=16344, stack(0x0000008f65400000,0x0000008f65500000)]
  0x00000199089e7520 JavaThread "Execution worker Thread 9" [_thread_blocked, id=4840, stack(0x0000008f65500000,0x0000008f65600000)]
  0x000001997e930b60 JavaThread "Execution worker Thread 10" [_thread_blocked, id=23988, stack(0x0000008f65600000,0x0000008f65700000)]
  0x000001997e931070 JavaThread "Execution worker Thread 11" [_thread_blocked, id=25040, stack(0x0000008f65700000,0x0000008f65800000)]
  0x000001997e931580 JavaThread "Cache worker for execution history cache (E:\Own products\Scrap-it-\node_modules\@react-native\gradle-plugin\.gradle\8.14.3\executionHistory)" [_thread_blocked, id=21328, stack(0x0000008f65800000,0x0000008f65900000)]
  0x000001997e930650 JavaThread "Cache worker for execution history cache (E:\Own products\Scrap-it-\node_modules\expo-modules-autolinking\android\expo-gradle-plugin\.gradle\8.14.3\executionHistory)" [_thread_blocked, id=22964, stack(0x0000008f65900000,0x0000008f65a00000)]
  0x000001997e931a90 JavaThread "Unconstrained build operations Thread 75" [_thread_blocked, id=13956, stack(0x0000008f65a00000,0x0000008f65b00000)]
  0x000001997e931fa0 JavaThread "Unconstrained build operations Thread 76" [_thread_blocked, id=9988, stack(0x0000008f65b00000,0x0000008f65c00000)]
  0x000001997e9324b0 JavaThread "Unconstrained build operations Thread 77" [_thread_blocked, id=12176, stack(0x0000008f65c00000,0x0000008f65d00000)]
  0x000001997e930140 JavaThread "Unconstrained build operations Thread 78" [_thread_blocked, id=22484, stack(0x0000008f65d00000,0x0000008f65e00000)]
  0x000001997e933e00 JavaThread "Unconstrained build operations Thread 79" [_thread_blocked, id=21936, stack(0x0000008f65e00000,0x0000008f65f00000)]
  0x000001997e935c60 JavaThread "Unconstrained build operations Thread 80" [_thread_in_native, id=20220, stack(0x0000008f65f00000,0x0000008f66000000)]
  0x000001997e934310 JavaThread "Unconstrained build operations Thread 81" [_thread_blocked, id=27184, stack(0x0000008f66000000,0x0000008f66100000)]
  0x000001997e936170 JavaThread "Unconstrained build operations Thread 82" [_thread_blocked, id=7204, stack(0x0000008f66100000,0x0000008f66200000)]
  0x000001997e934d30 JavaThread "Unconstrained build operations Thread 83" [_thread_blocked, id=21264, stack(0x0000008f66200000,0x0000008f66300000)]
  0x000001997e9329c0 JavaThread "Unconstrained build operations Thread 84" [_thread_blocked, id=29452, stack(0x0000008f66300000,0x0000008f66400000)]
  0x000001997e9338f0 JavaThread "Unconstrained build operations Thread 85" [_thread_blocked, id=14584, stack(0x0000008f66400000,0x0000008f66500000)]
  0x000001997e936680 JavaThread "Unconstrained build operations Thread 86" [_thread_blocked, id=17516, stack(0x0000008f66500000,0x0000008f66600000)]
  0x000001997e935240 JavaThread "Unconstrained build operations Thread 87" [_thread_blocked, id=23956, stack(0x0000008f66600000,0x0000008f66700000)]
  0x000001997e932ed0 JavaThread "Unconstrained build operations Thread 88" [_thread_in_native, id=26676, stack(0x0000008f66700000,0x0000008f66800000)]
  0x000001997e934820 JavaThread "Unconstrained build operations Thread 90" [_thread_blocked, id=11320, stack(0x0000008f66800000,0x0000008f66900000)]
  0x000001997e935750 JavaThread "Unconstrained build operations Thread 89" [_thread_blocked, id=20608, stack(0x0000008f66900000,0x0000008f66a00000)]
  0x000001997e936b90 JavaThread "Unconstrained build operations Thread 91" [_thread_blocked, id=3828, stack(0x0000008f66a00000,0x0000008f66b00000)]
  0x000001997e9333e0 JavaThread "Unconstrained build operations Thread 92" [_thread_blocked, id=3088, stack(0x0000008f66b00000,0x0000008f66c00000)]
  0x000001997e9375b0 JavaThread "Unconstrained build operations Thread 93" [_thread_blocked, id=15752, stack(0x0000008f66c00000,0x0000008f66d00000)]
  0x000001997e9370a0 JavaThread "Unconstrained build operations Thread 94" [_thread_blocked, id=17924, stack(0x0000008f66d00000,0x0000008f66e00000)]
  0x000001997e937ac0 JavaThread "Unconstrained build operations Thread 95" [_thread_blocked, id=11212, stack(0x0000008f66e00000,0x0000008f66f00000)]
  0x00000199044f4530 JavaThread "Unconstrained build operations Thread 96" [_thread_blocked, id=27624, stack(0x0000008f66f00000,0x0000008f67000000)]
  0x00000199053f8d60 JavaThread "Unconstrained build operations Thread 97" [_thread_blocked, id=28760, stack(0x0000008f67000000,0x0000008f67100000)]
  0x0000019908a9f930 JavaThread "Unconstrained build operations Thread 98" [_thread_blocked, id=28460, stack(0x0000008f67100000,0x0000008f67200000)]
  0x0000019908a9f420 JavaThread "Unconstrained build operations Thread 99" [_thread_blocked, id=23376, stack(0x0000008f67200000,0x0000008f67300000)]
  0x0000019908a9d0b0 JavaThread "Unconstrained build operations Thread 100" [_thread_blocked, id=29468, stack(0x0000008f67300000,0x0000008f67400000)]
  0x0000019908a9fe40 JavaThread "Unconstrained build operations Thread 101" [_thread_blocked, id=25908, stack(0x0000008f67400000,0x0000008f67500000)]
  0x0000019908a9dfe0 JavaThread "Unconstrained build operations Thread 102" [_thread_blocked, id=28088, stack(0x0000008f67500000,0x0000008f67600000)]
  0x0000019908aa0350 JavaThread "Unconstrained build operations Thread 103" [_thread_blocked, id=12536, stack(0x0000008f67600000,0x0000008f67700000)]
  0x0000019908a9ef10 JavaThread "Unconstrained build operations Thread 104" [_thread_blocked, id=19404, stack(0x0000008f67700000,0x0000008f67800000)]
  0x0000019908aa0860 JavaThread "Unconstrained build operations Thread 105" [_thread_blocked, id=27728, stack(0x0000008f67800000,0x0000008f67900000)]
  0x0000019908aa0d70 JavaThread "Unconstrained build operations Thread 106" [_thread_blocked, id=13852, stack(0x0000008f67900000,0x0000008f67a00000)]
  0x0000019908a9d5c0 JavaThread "Unconstrained build operations Thread 107" [_thread_blocked, id=18832, stack(0x0000008f67a00000,0x0000008f67b00000)]
  0x0000019908a9ea00 JavaThread "Unconstrained build operations Thread 108" [_thread_blocked, id=1880, stack(0x0000008f67b00000,0x0000008f67c00000)]
  0x0000019908aa1280 JavaThread "Unconstrained build operations Thread 109" [_thread_blocked, id=11052, stack(0x0000008f67c00000,0x0000008f67d00000)]
  0x0000019908a9dad0 JavaThread "Unconstrained build operations Thread 110" [_thread_blocked, id=13060, stack(0x0000008f67d00000,0x0000008f67e00000)]
  0x0000019908a9e4f0 JavaThread "Unconstrained build operations Thread 111" [_thread_blocked, id=17940, stack(0x0000008f67e00000,0x0000008f67f00000)]
  0x0000019908aa4520 JavaThread "Unconstrained build operations Thread 112" [_thread_in_native, id=19908, stack(0x0000008f67f00000,0x0000008f68000000)]
  0x0000019908aa4a30 JavaThread "Unconstrained build operations Thread 113" [_thread_blocked, id=4848, stack(0x0000008f68000000,0x0000008f68100000)]
  0x0000019908aa4010 JavaThread "Unconstrained build operations Thread 114" [_thread_blocked, id=21052, stack(0x0000008f68100000,0x0000008f68200000)]
  0x0000019908aa35f0 JavaThread "Unconstrained build operations Thread 115" [_thread_blocked, id=10956, stack(0x0000008f68200000,0x0000008f68300000)]
  0x0000019908aa1790 JavaThread "Unconstrained build operations Thread 116" [_thread_blocked, id=27608, stack(0x0000008f68300000,0x0000008f68400000)]
  0x0000019908aa30e0 JavaThread "Unconstrained build operations Thread 117" [_thread_blocked, id=29388, stack(0x0000008f68400000,0x0000008f68500000)]
  0x0000019908aa26c0 JavaThread "Unconstrained build operations Thread 118" [_thread_blocked, id=12804, stack(0x0000008f68500000,0x0000008f68600000)]
  0x0000019908aa1ca0 JavaThread "Unconstrained build operations Thread 119" [_thread_blocked, id=12876, stack(0x0000008f68600000,0x0000008f68700000)]
  0x0000019908aa2bd0 JavaThread "Unconstrained build operations Thread 120" [_thread_blocked, id=14568, stack(0x0000008f68700000,0x0000008f68800000)]
  0x0000019908aa21b0 JavaThread "jar transforms Thread 2" [_thread_blocked, id=15136, stack(0x0000008f5c900000,0x0000008f5ca00000)]
  0x00000199066b44b0 JavaThread "Cache worker for Build Output Cleanup Cache (E:\Own products\Scrap-it-\node_modules\expo-dev-launcher\expo-dev-launcher-gradle-plugin\.gradle\buildOutputCleanup)" [_thread_blocked, id=23056, stack(0x0000008f61700000,0x0000008f61800000)]
  0x00000199066b49c0 JavaThread "Cache worker for Build Output Cleanup Cache (E:\Own products\Scrap-it-\node_modules\expo-modules-core\expo-module-gradle-plugin\.gradle\buildOutputCleanup)" [_thread_blocked, id=28508, stack(0x0000008f68800000,0x0000008f68900000)]
  0x00000199066b53e0 JavaThread "build event listener" [_thread_blocked, id=2920, stack(0x0000008f68b00000,0x0000008f68c00000)]
  0x00000199066b6310 JavaThread "build event listener" [_thread_blocked, id=13760, stack(0x0000008f68c00000,0x0000008f68d00000)]
  0x00000199066b5e00 JavaThread "jar transforms Thread 3" [_thread_blocked, id=29152, stack(0x0000008f68d00000,0x0000008f68e00000)]
  0x00000199066b7240 JavaThread "Cache worker for execution history cache (E:\Own products\Scrap-it-\node_modules\expo-dev-launcher\expo-dev-launcher-gradle-plugin\.gradle\8.14.3\executionHistory)" [_thread_blocked, id=29604, stack(0x0000008f69000000,0x0000008f69100000)]
  0x00000199066b3a90 JavaThread "Cache worker for execution history cache (E:\Own products\Scrap-it-\node_modules\expo-modules-core\expo-module-gradle-plugin\.gradle\8.14.3\executionHistory)" [_thread_blocked, id=24748, stack(0x0000008f69100000,0x0000008f69200000)]
  0x00000199066ba4e0 JavaThread "jar transforms Thread 4" [_thread_blocked, id=2596, stack(0x0000008f69200000,0x0000008f69300000)]
  0x00000199066b8170 JavaThread "Problems report writer" [_thread_blocked, id=13976, stack(0x0000008f69300000,0x0000008f69400000)]
  0x00000199066ba9f0 JavaThread "jar transforms Thread 5" [_thread_blocked, id=16404, stack(0x0000008f69400000,0x0000008f69500000)]
  0x00000199066b95b0 JavaThread "jar transforms Thread 6" [_thread_blocked, id=27988, stack(0x0000008f69500000,0x0000008f69600000)]
  0x00000199084b1140 JavaThread "build event listener" [_thread_blocked, id=10952, stack(0x0000008f69600000,0x0000008f69700000)]
  0x00000199084aedd0 JavaThread "jar transforms Thread 7" [_thread_blocked, id=15980, stack(0x0000008f69700000,0x0000008f69800000)]
  0x00000199084af2e0 JavaThread "jar transforms Thread 8" [_thread_blocked, id=19576, stack(0x0000008f69800000,0x0000008f69900000)]
  0x00000199084b2a90 JavaThread "jar transforms Thread 9" [_thread_blocked, id=9276, stack(0x0000008f69900000,0x0000008f69a00000)]
  0x00000199084b2fa0 JavaThread "jar transforms Thread 10" [_thread_blocked, id=23336, stack(0x0000008f69a00000,0x0000008f69b00000)]
  0x00000199084b34b0 JavaThread "jar transforms Thread 11" [_thread_blocked, id=4564, stack(0x0000008f69b00000,0x0000008f69c00000)]
  0x00000199084afd00 JavaThread "jar transforms Thread 12" [_thread_blocked, id=24836, stack(0x0000008f69c00000,0x0000008f69d00000)]
  0x00000199084b5820 JavaThread "Cache worker for execution history cache (E:\Own products\Scrap-it-\apps\mobile\android\.gradle\8.14.3\executionHistory)" [_thread_blocked, id=26340, stack(0x0000008f6a200000,0x0000008f6a300000)]
  0x00000199084b6240 JavaThread "Exec process Thread 4" [_thread_in_native, id=28216, stack(0x0000008f6a300000,0x0000008f6a400000)]
  0x00000199084b5d30 JavaThread "Exec process Thread 5" [_thread_in_native, id=8512, stack(0x0000008f6a400000,0x0000008f6a500000)]
  0x00000199084bd1a0 JavaThread "Exec process Thread 6" [_thread_in_native, id=24928, stack(0x0000008f6a500000,0x0000008f6a600000)]
  0x00000199084bae30 JavaThread "Exec process Thread 7" [_thread_in_native, id=14920, stack(0x0000008f6a600000,0x0000008f6a700000)]
  0x00000199084ba920 JavaThread "Exec process Thread 8" [_thread_in_native, id=6212, stack(0x0000008f6a700000,0x0000008f6a800000)]
  0x00000199084bcc90 JavaThread "Exec process Thread 9" [_thread_in_native, id=20436, stack(0x0000008f6a800000,0x0000008f6a900000)]
=>0x0000019907ee6580 JavaThread "C2 CompilerThread1" daemon [_thread_in_native, id=11076, stack(0x0000008f68900000,0x0000008f68a00000)]
  0x00000199084bb340 JavaThread "WorkerExecutor Queue" [_thread_blocked, id=24480, stack(0x0000008f6aa00000,0x0000008f6ab00000)]
  0x00000199084ba410 JavaThread "WorkerExecutor Queue Thread 2" [_thread_blocked, id=24220, stack(0x0000008f6ab00000,0x0000008f6ac00000)]
  0x00000199084bb850 JavaThread "WorkerExecutor Queue Thread 3" [_thread_blocked, id=14084, stack(0x0000008f6ac00000,0x0000008f6ad00000)]
  0x00000199084be0d0 JavaThread "WorkerExecutor Queue Thread 4" [_thread_blocked, id=25636, stack(0x0000008f6ad00000,0x0000008f6ae00000)]
  0x00000199084bbd60 JavaThread "Cache worker for Java compile cache (C:\Users\devil\.gradle\caches\8.14.3\javaCompile)" [_thread_blocked, id=23200, stack(0x0000008f6ae00000,0x0000008f6af00000)]
  0x0000019906a2cd20 JavaThread "RMI Scheduler(0)" daemon [_thread_blocked, id=20880, stack(0x0000008f6af00000,0x0000008f6b000000)]
  0x00000199089e05c0 JavaThread "RMI GC Daemon" daemon [_thread_blocked, id=19852, stack(0x0000008f6b300000,0x0000008f6b400000)]
  0x000001991728e9b0 JavaThread "RMI TCP Accept-0" daemon [_thread_in_native, id=20468, stack(0x0000008f6b500000,0x0000008f6b600000)]
  0x000001991728cb50 JavaThread "RMI Reaper" [_thread_blocked, id=23916, stack(0x0000008f6b600000,0x0000008f6b700000)]
  0x0000019917292670 JavaThread "Build operations" [_thread_blocked, id=11660, stack(0x0000008f6bd00000,0x0000008f6be00000)]
  0x0000019917291740 JavaThread "Build operations Thread 2" [_thread_blocked, id=19796, stack(0x0000008f6be00000,0x0000008f6bf00000)]
  0x0000019917292b80 JavaThread "Build operations Thread 3" [_thread_blocked, id=25952, stack(0x0000008f6bf00000,0x0000008f6c000000)]
  0x0000019917291c50 JavaThread "Build operations Thread 4" [_thread_blocked, id=28248, stack(0x0000008f6c000000,0x0000008f6c100000)]
  0x0000019917292160 JavaThread "Build operations Thread 5" [_thread_blocked, id=29460, stack(0x0000008f6c100000,0x0000008f6c200000)]
  0x000001991728f3d0 JavaThread "Build operations Thread 6" [_thread_blocked, id=28884, stack(0x0000008f6c200000,0x0000008f6c300000)]
  0x0000019917293090 JavaThread "Build operations Thread 7" [_thread_blocked, id=25344, stack(0x0000008f6c300000,0x0000008f6c400000)]
  0x000001991728f8e0 JavaThread "Build operations Thread 8" [_thread_blocked, id=16028, stack(0x0000008f6c400000,0x0000008f6c500000)]
  0x0000019917290d20 JavaThread "Build operations Thread 9" [_thread_blocked, id=21380, stack(0x0000008f6c500000,0x0000008f6c600000)]
  0x00000199172935a0 JavaThread "Build operations Thread 10" [_thread_blocked, id=22380, stack(0x0000008f6c600000,0x0000008f6c700000)]
  0x0000019917290300 JavaThread "Build operations Thread 11" [_thread_blocked, id=13036, stack(0x0000008f6c700000,0x0000008f6c800000)]
  0x0000019917293ab0 JavaThread "WorkerExecutor Queue Thread 5" [_thread_blocked, id=23356, stack(0x0000008f6c800000,0x0000008f6c900000)]
  0x0000019917293fc0 JavaThread "WorkerExecutor Queue Thread 6" [_thread_blocked, id=27384, stack(0x0000008f68a00000,0x0000008f68b00000)]
  0x0000019917298bb0 JavaThread "Build operations Thread 12" [_thread_blocked, id=14932, stack(0x0000008f5b100000,0x0000008f5b200000)]
  0x0000019917295400 JavaThread "WorkerExecutor Queue Thread 7" [_thread_in_Java, id=6820, stack(0x0000008f5b200000,0x0000008f5b300000)]
  0x00000199172990c0 JavaThread "WorkerExecutor Queue Thread 8" [_thread_blocked, id=24624, stack(0x0000008f5b300000,0x0000008f5b400000)]
  0x0000019917299ae0 JavaThread "WorkerExecutor Queue Thread 9" [_thread_blocked, id=24196, stack(0x0000008f6ca00000,0x0000008f6cb00000)]
  0x000001991729a500 JavaThread "WorkerExecutor Queue Thread 10" [_thread_blocked, id=18220, stack(0x0000008f6cb00000,0x0000008f6cc00000)]
  0x00000199084b43e0 JavaThread "WorkerExecutor Queue Thread 11" [_thread_blocked, id=22036, stack(0x0000008f6cc00000,0x0000008f6cd00000)]
  0x00000199084bc780 JavaThread "WorkerExecutor Queue Thread 12" [_thread_blocked, id=16460, stack(0x0000008f6cd00000,0x0000008f6ce00000)]
  0x00000199084bdbc0 JavaThread "RMI TCP Connection(idle)" daemon [_thread_blocked, id=14176, stack(0x0000008f6cf00000,0x0000008f6d000000)]
  0x0000019907eea540 JavaThread "C2 CompilerThread2" daemon [_thread_in_native, id=13712, stack(0x0000008f64700000,0x0000008f64800000)]
  0x00000199172944d0 JavaThread "pool-3-thread-1" [_thread_blocked, id=19152, stack(0x0000008f64800000,0x0000008f64900000)]
  0x0000019917291230 JavaThread "stderr" [_thread_in_native, id=20600, stack(0x0000008f64900000,0x0000008f64a00000)]
  0x00000199172986a0 JavaThread "stdout" [_thread_in_native, id=26472, stack(0x0000008f64a00000,0x0000008f64b00000)]

Other Threads:
  0x00000199624a70b0 VMThread "VM Thread" [stack: 0x0000008f5ba00000,0x0000008f5bb00000] [id=25764]
  0x00000199627a79e0 WatcherThread [stack: 0x0000008f5c600000,0x0000008f5c700000] [id=12832]
  0x00000199419ee830 GCTaskThread "GC Thread#0" [stack: 0x0000008f5b500000,0x0000008f5b600000] [id=29180]
  0x00000199629dde40 GCTaskThread "GC Thread#1" [stack: 0x0000008f5c700000,0x0000008f5c800000] [id=8468]
  0x000001997e1a28d0 GCTaskThread "GC Thread#2" [stack: 0x0000008f5c800000,0x0000008f5c900000] [id=3940]
  0x000001997e873490 GCTaskThread "GC Thread#3" [stack: 0x0000008f5ca00000,0x0000008f5cb00000] [id=13540]
  0x000001997e601fe0 GCTaskThread "GC Thread#4" [stack: 0x0000008f5cb00000,0x0000008f5cc00000] [id=25876]
  0x0000019904236fc0 GCTaskThread "GC Thread#5" [stack: 0x0000008f5d900000,0x0000008f5da00000] [id=27956]
  0x000001990428ac50 GCTaskThread "GC Thread#6" [stack: 0x0000008f5da00000,0x0000008f5db00000] [id=21280]
  0x000001990428af10 GCTaskThread "GC Thread#7" [stack: 0x0000008f5db00000,0x0000008f5dc00000] [id=7740]
  0x0000019904228280 GCTaskThread "GC Thread#8" [stack: 0x0000008f5dc00000,0x0000008f5dd00000] [id=16676]
  0x0000019904228540 GCTaskThread "GC Thread#9" [stack: 0x0000008f5dd00000,0x0000008f5de00000] [id=28540]
  0x0000019943c316e0 ConcurrentGCThread "G1 Main Marker" [stack: 0x0000008f5b600000,0x0000008f5b700000] [id=17864]
  0x0000019943c32ce0 ConcurrentGCThread "G1 Conc#0" [stack: 0x0000008f5b700000,0x0000008f5b800000] [id=13340]
  0x000001990440e7a0 ConcurrentGCThread "G1 Conc#1" [stack: 0x0000008f5e000000,0x0000008f5e100000] [id=13880]
  0x00000199047ef450 ConcurrentGCThread "G1 Conc#2" [stack: 0x0000008f5e100000,0x0000008f5e200000] [id=25800]
  0x0000019962368140 ConcurrentGCThread "G1 Refine#0" [stack: 0x0000008f5b800000,0x0000008f5b900000] [id=9784]
  0x0000019908fa3b30 ConcurrentGCThread "G1 Refine#1" [stack: 0x0000008f69f00000,0x0000008f6a000000] [id=19980]
  0x0000019908275060 ConcurrentGCThread "G1 Refine#2" [stack: 0x0000008f6a000000,0x0000008f6a100000] [id=11552]
  0x000001991078ba20 ConcurrentGCThread "G1 Refine#3" [stack: 0x0000008f6a100000,0x0000008f6a200000] [id=9352]
  0x0000019962368b70 ConcurrentGCThread "G1 Service" [stack: 0x0000008f5b900000,0x0000008f5ba00000] [id=21788]

Threads with active compile tasks:
C2 CompilerThread0   150873 43395       4       com.android.tools.r8.internal.nt::<init> (687 bytes)
C1 CompilerThread0   150873 43458       3       org.objectweb.asm.ByteVector::enlarge (73 bytes)
C2 CompilerThread1   150873 43345       4       com.android.tools.r8.dex.t0::a (57 bytes)
C2 CompilerThread2   150873 43336       4       com.android.tools.r8.internal.US::a (972 bytes)

VM state: not at safepoint (normal execution)

VM Mutex/Monitor currently owned by a thread: None

Heap address: 0x0000000080000000, size: 2048 MB, Compressed Oops mode: 32-bit

CDS archive(s) mapped at: [0x0000019963000000-0x0000019963bb0000-0x0000019963bb0000), size 12255232, SharedBaseAddress: 0x0000019963000000, ArchiveRelocationMode: 1.
Compressed class space mapped at: 0x0000019964000000-0x000001997e000000, reserved size: 436207616
Narrow klass base: 0x0000019963000000, Narrow klass shift: 0, Narrow klass range: 0x100000000

GC Precious Log:
 CPUs: 12 total, 12 available
 Memory: 7521M
 Large Page Support: Disabled
 NUMA Support: Disabled
 Compressed Oops: Enabled (32-bit)
 Heap Region Size: 1M
 Heap Min Capacity: 8M
 Heap Initial Capacity: 118M
 Heap Max Capacity: 2G
 Pre-touch: Disabled
 Parallel Workers: 10
 Concurrent Workers: 3
 Concurrent Refinement Workers: 10
 Periodic GC: Disabled

Heap:
 garbage-first heap   total 1384448K, used 1058313K [0x0000000080000000, 0x0000000100000000)
  region size 1024K, 121 young (123904K), 17 survivors (17408K)
 Metaspace       used 188398K, committed 190912K, reserved 622592K
  class space    used 25016K, committed 26176K, reserved 425984K

Heap Regions: E=young(eden), S=young(survivor), O=old, HS=humongous(starts), HC=humongous(continues), CS=collection set, F=free, OA=open archive, CA=closed archive, TAMS=top-at-mark-start (previous, next)
|   0|0x0000000080000000, 0x0000000080100000, 0x0000000080100000|100%|HS|  |TAMS 0x0000000080100000, 0x0000000080000000| Complete 
|   1|0x0000000080100000, 0x0000000080200000, 0x0000000080200000|100%|HC|  |TAMS 0x0000000080200000, 0x0000000080100000| Complete 
|   2|0x0000000080200000, 0x0000000080300000, 0x0000000080300000|100%|HC|  |TAMS 0x0000000080300000, 0x0000000080200000| Complete 
|   3|0x0000000080300000, 0x0000000080400000, 0x0000000080400000|100%| O|  |TAMS 0x0000000080400000, 0x0000000080300000| Untracked 
|   4|0x0000000080400000, 0x0000000080500000, 0x0000000080500000|100%| O|  |TAMS 0x0000000080500000, 0x0000000080400000| Untracked 
|   5|0x0000000080500000, 0x0000000080600000, 0x0000000080600000|100%| O|  |TAMS 0x0000000080600000, 0x0000000080500000| Untracked 
|   6|0x0000000080600000, 0x0000000080700000, 0x0000000080700000|100%|HS|  |TAMS 0x0000000080700000, 0x0000000080600000| Complete 
|   7|0x0000000080700000, 0x0000000080800000, 0x0000000080800000|100%| O|  |TAMS 0x0000000080800000, 0x0000000080700000| Untracked 
|   8|0x0000000080800000, 0x0000000080900000, 0x0000000080900000|100%| O|  |TAMS 0x0000000080900000, 0x0000000080800000| Untracked 
|   9|0x0000000080900000, 0x0000000080a00000, 0x0000000080a00000|100%| O|  |TAMS 0x0000000080a00000, 0x0000000080900000| Untracked 
|  10|0x0000000080a00000, 0x0000000080b00000, 0x0000000080b00000|100%| O|  |TAMS 0x0000000080b00000, 0x0000000080a00000| Untracked 
|  11|0x0000000080b00000, 0x0000000080c00000, 0x0000000080c00000|100%| O|  |TAMS 0x0000000080c00000, 0x0000000080b00000| Untracked 
|  12|0x0000000080c00000, 0x0000000080d00000, 0x0000000080d00000|100%| O|  |TAMS 0x0000000080d00000, 0x0000000080c00000| Untracked 
|  13|0x0000000080d00000, 0x0000000080e00000, 0x0000000080e00000|100%| O|  |TAMS 0x0000000080e00000, 0x0000000080d00000| Untracked 
|  14|0x0000000080e00000, 0x0000000080f00000, 0x0000000080f00000|100%| O|  |TAMS 0x0000000080f00000, 0x0000000080e00000| Untracked 
|  15|0x0000000080f00000, 0x0000000081000000, 0x0000000081000000|100%| O|  |TAMS 0x0000000081000000, 0x0000000080f00000| Untracked 
|  16|0x0000000081000000, 0x0000000081100000, 0x0000000081100000|100%| O|  |TAMS 0x0000000081100000, 0x0000000081000000| Untracked 
|  17|0x0000000081100000, 0x0000000081200000, 0x0000000081200000|100%| O|  |TAMS 0x0000000081200000, 0x0000000081100000| Untracked 
|  18|0x0000000081200000, 0x0000000081300000, 0x0000000081300000|100%| O|  |TAMS 0x0000000081300000, 0x0000000081200000| Untracked 
|  19|0x0000000081300000, 0x0000000081400000, 0x0000000081400000|100%| O|  |TAMS 0x0000000081400000, 0x0000000081300000| Untracked 
|  20|0x0000000081400000, 0x00000000814ffff8, 0x0000000081500000| 99%| O|  |TAMS 0x00000000814ffff8, 0x0000000081400000| Untracked 
|  21|0x0000000081500000, 0x0000000081600000, 0x0000000081600000|100%| O|  |TAMS 0x0000000081600000, 0x0000000081500000| Untracked 
|  22|0x0000000081600000, 0x0000000081700000, 0x0000000081700000|100%| O|  |TAMS 0x0000000081700000, 0x0000000081600000| Untracked 
|  23|0x0000000081700000, 0x0000000081800000, 0x0000000081800000|100%| O|  |TAMS 0x0000000081800000, 0x0000000081700000| Untracked 
|  24|0x0000000081800000, 0x0000000081900000, 0x0000000081900000|100%| O|  |TAMS 0x0000000081900000, 0x0000000081800000| Untracked 
|  25|0x0000000081900000, 0x0000000081a00000, 0x0000000081a00000|100%| O|  |TAMS 0x0000000081a00000, 0x0000000081900000| Untracked 
|  26|0x0000000081a00000, 0x0000000081b00000, 0x0000000081b00000|100%| O|  |TAMS 0x0000000081b00000, 0x0000000081a00000| Untracked 
|  27|0x0000000081b00000, 0x0000000081c00000, 0x0000000081c00000|100%| O|  |TAMS 0x0000000081c00000, 0x0000000081b00000| Untracked 
|  28|0x0000000081c00000, 0x0000000081d00000, 0x0000000081d00000|100%| O|  |TAMS 0x0000000081d00000, 0x0000000081c00000| Untracked 
|  29|0x0000000081d00000, 0x0000000081e00000, 0x0000000081e00000|100%| O|  |TAMS 0x0000000081e00000, 0x0000000081d00000| Untracked 
|  30|0x0000000081e00000, 0x0000000081f00000, 0x0000000081f00000|100%| O|  |TAMS 0x0000000081f00000, 0x0000000081e00000| Untracked 
|  31|0x0000000081f00000, 0x0000000082000000, 0x0000000082000000|100%| O|  |TAMS 0x0000000082000000, 0x0000000081f00000| Untracked 
|  32|0x0000000082000000, 0x0000000082100000, 0x0000000082100000|100%| O|  |TAMS 0x0000000082100000, 0x0000000082000000| Untracked 
|  33|0x0000000082100000, 0x0000000082200000, 0x0000000082200000|100%| O|  |TAMS 0x0000000082200000, 0x0000000082100000| Untracked 
|  34|0x0000000082200000, 0x0000000082300000, 0x0000000082300000|100%| O|  |TAMS 0x0000000082300000, 0x0000000082200000| Untracked 
|  35|0x0000000082300000, 0x0000000082400000, 0x0000000082400000|100%| O|  |TAMS 0x0000000082400000, 0x0000000082300000| Untracked 
|  36|0x0000000082400000, 0x0000000082500000, 0x0000000082500000|100%| O|  |TAMS 0x0000000082500000, 0x0000000082400000| Untracked 
|  37|0x0000000082500000, 0x0000000082600000, 0x0000000082600000|100%| O|  |TAMS 0x0000000082600000, 0x0000000082500000| Untracked 
|  38|0x0000000082600000, 0x0000000082700000, 0x0000000082700000|100%| O|  |TAMS 0x0000000082600000, 0x0000000082600000| Untracked 
|  39|0x0000000082700000, 0x0000000082800000, 0x0000000082800000|100%| O|  |TAMS 0x0000000082800000, 0x0000000082700000| Untracked 
|  40|0x0000000082800000, 0x0000000082900000, 0x0000000082900000|100%| O|  |TAMS 0x0000000082900000, 0x0000000082800000| Untracked 
|  41|0x0000000082900000, 0x0000000082a00000, 0x0000000082a00000|100%| O|  |TAMS 0x0000000082a00000, 0x0000000082900000| Untracked 
|  42|0x0000000082a00000, 0x0000000082b00000, 0x0000000082b00000|100%| O|  |TAMS 0x0000000082b00000, 0x0000000082a00000| Untracked 
|  43|0x0000000082b00000, 0x0000000082c00000, 0x0000000082c00000|100%|HS|  |TAMS 0x0000000082c00000, 0x0000000082b00000| Complete 
|  44|0x0000000082c00000, 0x0000000082d00000, 0x0000000082d00000|100%|HC|  |TAMS 0x0000000082d00000, 0x0000000082c00000| Complete 
|  45|0x0000000082d00000, 0x0000000082e00000, 0x0000000082e00000|100%|HC|  |TAMS 0x0000000082e00000, 0x0000000082d00000| Complete 
|  46|0x0000000082e00000, 0x0000000082f00000, 0x0000000082f00000|100%| O|  |TAMS 0x0000000082f00000, 0x0000000082e00000| Untracked 
|  47|0x0000000082f00000, 0x0000000083000000, 0x0000000083000000|100%| O|  |TAMS 0x0000000083000000, 0x0000000082f00000| Untracked 
|  48|0x0000000083000000, 0x0000000083100000, 0x0000000083100000|100%| O|  |TAMS 0x0000000083100000, 0x0000000083000000| Untracked 
|  49|0x0000000083100000, 0x0000000083200000, 0x0000000083200000|100%| O|  |TAMS 0x0000000083200000, 0x0000000083100000| Untracked 
|  50|0x0000000083200000, 0x0000000083300000, 0x0000000083300000|100%| O|  |TAMS 0x0000000083300000, 0x0000000083200000| Untracked 
|  51|0x0000000083300000, 0x0000000083400000, 0x0000000083400000|100%| O|  |TAMS 0x0000000083400000, 0x0000000083300000| Untracked 
|  52|0x0000000083400000, 0x0000000083500000, 0x0000000083500000|100%|HS|  |TAMS 0x0000000083500000, 0x0000000083400000| Complete 
|  53|0x0000000083500000, 0x0000000083600000, 0x0000000083600000|100%|HC|  |TAMS 0x0000000083600000, 0x0000000083500000| Complete 
|  54|0x0000000083600000, 0x0000000083700000, 0x0000000083700000|100%|HC|  |TAMS 0x0000000083700000, 0x0000000083600000| Complete 
|  55|0x0000000083700000, 0x0000000083800000, 0x0000000083800000|100%| O|  |TAMS 0x0000000083800000, 0x0000000083700000| Untracked 
|  56|0x0000000083800000, 0x0000000083900000, 0x0000000083900000|100%| O|  |TAMS 0x0000000083900000, 0x0000000083800000| Untracked 
|  57|0x0000000083900000, 0x0000000083a00000, 0x0000000083a00000|100%| O|  |TAMS 0x0000000083a00000, 0x0000000083900000| Untracked 
|  58|0x0000000083a00000, 0x0000000083b00000, 0x0000000083b00000|100%| O|  |TAMS 0x0000000083b00000, 0x0000000083a00000| Untracked 
|  59|0x0000000083b00000, 0x0000000083c00000, 0x0000000083c00000|100%| O|  |TAMS 0x0000000083c00000, 0x0000000083b00000| Untracked 
|  60|0x0000000083c00000, 0x0000000083d00000, 0x0000000083d00000|100%| O|  |TAMS 0x0000000083d00000, 0x0000000083c00000| Untracked 
|  61|0x0000000083d00000, 0x0000000083e00000, 0x0000000083e00000|100%| O|  |TAMS 0x0000000083e00000, 0x0000000083d00000| Untracked 
|  62|0x0000000083e00000, 0x0000000083f00000, 0x0000000083f00000|100%| O|  |TAMS 0x0000000083f00000, 0x0000000083e00000| Untracked 
|  63|0x0000000083f00000, 0x0000000084000000, 0x0000000084000000|100%| O|  |TAMS 0x0000000084000000, 0x0000000083f00000| Untracked 
|  64|0x0000000084000000, 0x0000000084100000, 0x0000000084100000|100%| O|  |TAMS 0x0000000084100000, 0x0000000084000000| Untracked 
|  65|0x0000000084100000, 0x0000000084200000, 0x0000000084200000|100%| O|  |TAMS 0x0000000084200000, 0x0000000084100000| Untracked 
|  66|0x0000000084200000, 0x0000000084300000, 0x0000000084300000|100%| O|  |TAMS 0x0000000084300000, 0x0000000084200000| Untracked 
|  67|0x0000000084300000, 0x0000000084400000, 0x0000000084400000|100%| O|  |TAMS 0x0000000084400000, 0x0000000084300000| Untracked 
|  68|0x0000000084400000, 0x0000000084500000, 0x0000000084500000|100%| O|  |TAMS 0x0000000084400000, 0x0000000084400000| Untracked 
|  69|0x0000000084500000, 0x0000000084600000, 0x0000000084600000|100%| O|  |TAMS 0x0000000084600000, 0x0000000084500000| Untracked 
|  70|0x0000000084600000, 0x0000000084700000, 0x0000000084700000|100%| O|  |TAMS 0x0000000084700000, 0x0000000084600000| Untracked 
|  71|0x0000000084700000, 0x0000000084800000, 0x0000000084800000|100%| O|  |TAMS 0x0000000084800000, 0x0000000084700000| Untracked 
|  72|0x0000000084800000, 0x0000000084900000, 0x0000000084900000|100%| O|  |TAMS 0x0000000084900000, 0x0000000084800000| Untracked 
|  73|0x0000000084900000, 0x0000000084a00000, 0x0000000084a00000|100%| O|  |TAMS 0x0000000084a00000, 0x0000000084900000| Untracked 
|  74|0x0000000084a00000, 0x0000000084b00000, 0x0000000084b00000|100%| O|  |TAMS 0x0000000084b00000, 0x0000000084a00000| Untracked 
|  75|0x0000000084b00000, 0x0000000084c00000, 0x0000000084c00000|100%| O|  |TAMS 0x0000000084c00000, 0x0000000084b00000| Untracked 
|  76|0x0000000084c00000, 0x0000000084d00000, 0x0000000084d00000|100%| O|  |TAMS 0x0000000084d00000, 0x0000000084c00000| Untracked 
|  77|0x0000000084d00000, 0x0000000084e00000, 0x0000000084e00000|100%| O|  |TAMS 0x0000000084e00000, 0x0000000084d00000| Untracked 
|  78|0x0000000084e00000, 0x0000000084f00000, 0x0000000084f00000|100%| O|  |TAMS 0x0000000084f00000, 0x0000000084e00000| Untracked 
|  79|0x0000000084f00000, 0x0000000085000000, 0x0000000085000000|100%| O|  |TAMS 0x0000000085000000, 0x0000000084f00000| Untracked 
|  80|0x0000000085000000, 0x0000000085100000, 0x0000000085100000|100%| O|  |TAMS 0x0000000085100000, 0x0000000085000000| Untracked 
|  81|0x0000000085100000, 0x0000000085200000, 0x0000000085200000|100%| O|  |TAMS 0x0000000085200000, 0x0000000085100000| Untracked 
|  82|0x0000000085200000, 0x0000000085300000, 0x0000000085300000|100%| O|  |TAMS 0x0000000085300000, 0x0000000085200000| Untracked 
|  83|0x0000000085300000, 0x0000000085400000, 0x0000000085400000|100%| O|  |TAMS 0x0000000085400000, 0x0000000085300000| Untracked 
|  84|0x0000000085400000, 0x0000000085500000, 0x0000000085500000|100%| O|  |TAMS 0x0000000085500000, 0x0000000085400000| Untracked 
|  85|0x0000000085500000, 0x0000000085600000, 0x0000000085600000|100%| O|  |TAMS 0x0000000085600000, 0x0000000085500000| Untracked 
|  86|0x0000000085600000, 0x0000000085700000, 0x0000000085700000|100%| O|  |TAMS 0x0000000085700000, 0x0000000085600000| Untracked 
|  87|0x0000000085700000, 0x0000000085800000, 0x0000000085800000|100%| O|  |TAMS 0x0000000085800000, 0x0000000085700000| Untracked 
|  88|0x0000000085800000, 0x0000000085900000, 0x0000000085900000|100%| O|  |TAMS 0x0000000085900000, 0x0000000085800000| Untracked 
|  89|0x0000000085900000, 0x0000000085a00000, 0x0000000085a00000|100%| O|  |TAMS 0x0000000085a00000, 0x0000000085900000| Untracked 
|  90|0x0000000085a00000, 0x0000000085b00000, 0x0000000085b00000|100%| O|  |TAMS 0x0000000085b00000, 0x0000000085a00000| Untracked 
|  91|0x0000000085b00000, 0x0000000085c00000, 0x0000000085c00000|100%| O|  |TAMS 0x0000000085c00000, 0x0000000085b00000| Untracked 
|  92|0x0000000085c00000, 0x0000000085d00000, 0x0000000085d00000|100%|HS|  |TAMS 0x0000000085d00000, 0x0000000085c00000| Complete 
|  93|0x0000000085d00000, 0x0000000085e00000, 0x0000000085e00000|100%|HS|  |TAMS 0x0000000085e00000, 0x0000000085d00000| Complete 
|  94|0x0000000085e00000, 0x0000000085f00000, 0x0000000085f00000|100%|HS|  |TAMS 0x0000000085f00000, 0x0000000085e00000| Complete 
|  95|0x0000000085f00000, 0x0000000086000000, 0x0000000086000000|100%|HS|  |TAMS 0x0000000086000000, 0x0000000085f00000| Complete 
|  96|0x0000000086000000, 0x0000000086100000, 0x0000000086100000|100%|HS|  |TAMS 0x0000000086100000, 0x0000000086000000| Complete 
|  97|0x0000000086100000, 0x0000000086200000, 0x0000000086200000|100%|HS|  |TAMS 0x0000000086200000, 0x0000000086100000| Complete 
|  98|0x0000000086200000, 0x0000000086300000, 0x0000000086300000|100%|HS|  |TAMS 0x0000000086300000, 0x0000000086200000| Complete 
|  99|0x0000000086300000, 0x0000000086400000, 0x0000000086400000|100%| O|  |TAMS 0x0000000086400000, 0x0000000086300000| Untracked 
| 100|0x0000000086400000, 0x0000000086500000, 0x0000000086500000|100%| O|  |TAMS 0x0000000086500000, 0x0000000086400000| Untracked 
| 101|0x0000000086500000, 0x0000000086600000, 0x0000000086600000|100%| O|  |TAMS 0x0000000086600000, 0x0000000086500000| Untracked 
| 102|0x0000000086600000, 0x0000000086700000, 0x0000000086700000|100%| O|  |TAMS 0x0000000086700000, 0x0000000086600000| Untracked 
| 103|0x0000000086700000, 0x0000000086800000, 0x0000000086800000|100%| O|  |TAMS 0x0000000086800000, 0x0000000086700000| Untracked 
| 104|0x0000000086800000, 0x0000000086900000, 0x0000000086900000|100%| O|  |TAMS 0x0000000086900000, 0x0000000086800000| Untracked 
| 105|0x0000000086900000, 0x0000000086a00000, 0x0000000086a00000|100%| O|  |TAMS 0x0000000086a00000, 0x0000000086900000| Untracked 
| 106|0x0000000086a00000, 0x0000000086b00000, 0x0000000086b00000|100%| O|  |TAMS 0x0000000086a00000, 0x0000000086a00000| Untracked 
| 107|0x0000000086b00000, 0x0000000086c00000, 0x0000000086c00000|100%| O|  |TAMS 0x0000000086b00000, 0x0000000086b00000| Untracked 
| 108|0x0000000086c00000, 0x0000000086d00000, 0x0000000086d00000|100%| O|  |TAMS 0x0000000086c00000, 0x0000000086c00000| Untracked 
| 109|0x0000000086d00000, 0x0000000086e00000, 0x0000000086e00000|100%| O|  |TAMS 0x0000000086e00000, 0x0000000086d00000| Untracked 
| 110|0x0000000086e00000, 0x0000000086f00000, 0x0000000086f00000|100%| O|  |TAMS 0x0000000086f00000, 0x0000000086e00000| Untracked 
| 111|0x0000000086f00000, 0x0000000087000000, 0x0000000087000000|100%| O|  |TAMS 0x0000000087000000, 0x0000000086f00000| Untracked 
| 112|0x0000000087000000, 0x0000000087100000, 0x0000000087100000|100%| O|  |TAMS 0x0000000087100000, 0x0000000087000000| Untracked 
| 113|0x0000000087100000, 0x0000000087200000, 0x0000000087200000|100%| O|  |TAMS 0x0000000087200000, 0x0000000087100000| Untracked 
| 114|0x0000000087200000, 0x0000000087300000, 0x0000000087300000|100%| O|  |TAMS 0x0000000087300000, 0x0000000087200000| Untracked 
| 115|0x0000000087300000, 0x0000000087400000, 0x0000000087400000|100%| O|  |TAMS 0x0000000087400000, 0x0000000087300000| Untracked 
| 116|0x0000000087400000, 0x0000000087500000, 0x0000000087500000|100%| O|  |TAMS 0x0000000087500000, 0x0000000087400000| Untracked 
| 117|0x0000000087500000, 0x0000000087600000, 0x0000000087600000|100%| O|  |TAMS 0x0000000087600000, 0x0000000087500000| Untracked 
| 118|0x0000000087600000, 0x0000000087700000, 0x0000000087700000|100%| O|  |TAMS 0x0000000087700000, 0x0000000087600000| Untracked 
| 119|0x0000000087700000, 0x0000000087800000, 0x0000000087800000|100%| O|  |TAMS 0x0000000087800000, 0x0000000087700000| Untracked 
| 120|0x0000000087800000, 0x0000000087900000, 0x0000000087900000|100%|HS|  |TAMS 0x0000000087900000, 0x0000000087800000| Complete 
| 121|0x0000000087900000, 0x0000000087a00000, 0x0000000087a00000|100%|HC|  |TAMS 0x0000000087a00000, 0x0000000087900000| Complete 
| 122|0x0000000087a00000, 0x0000000087b00000, 0x0000000087b00000|100%|HC|  |TAMS 0x0000000087b00000, 0x0000000087a00000| Complete 
| 123|0x0000000087b00000, 0x0000000087c00000, 0x0000000087c00000|100%| O|  |TAMS 0x0000000087c00000, 0x0000000087b00000| Untracked 
| 124|0x0000000087c00000, 0x0000000087d00000, 0x0000000087d00000|100%| O|  |TAMS 0x0000000087d00000, 0x0000000087c00000| Untracked 
| 125|0x0000000087d00000, 0x0000000087e00000, 0x0000000087e00000|100%| O|  |TAMS 0x0000000087e00000, 0x0000000087d00000| Untracked 
| 126|0x0000000087e00000, 0x0000000087f00000, 0x0000000087f00000|100%| O|  |TAMS 0x0000000087f00000, 0x0000000087e00000| Untracked 
| 127|0x0000000087f00000, 0x0000000088000000, 0x0000000088000000|100%| O|  |TAMS 0x0000000088000000, 0x0000000087f00000| Untracked 
| 128|0x0000000088000000, 0x0000000088100000, 0x0000000088100000|100%| O|  |TAMS 0x0000000088100000, 0x0000000088000000| Untracked 
| 129|0x0000000088100000, 0x0000000088200000, 0x0000000088200000|100%| O|  |TAMS 0x0000000088200000, 0x0000000088100000| Untracked 
| 130|0x0000000088200000, 0x0000000088300000, 0x0000000088300000|100%| O|  |TAMS 0x0000000088300000, 0x0000000088200000| Untracked 
| 131|0x0000000088300000, 0x0000000088400000, 0x0000000088400000|100%| O|  |TAMS 0x0000000088400000, 0x0000000088300000| Untracked 
| 132|0x0000000088400000, 0x0000000088500000, 0x0000000088500000|100%| O|  |TAMS 0x0000000088500000, 0x0000000088400000| Untracked 
| 133|0x0000000088500000, 0x0000000088600000, 0x0000000088600000|100%| O|  |TAMS 0x0000000088600000, 0x0000000088500000| Untracked 
| 134|0x0000000088600000, 0x0000000088700000, 0x0000000088700000|100%| O|  |TAMS 0x0000000088700000, 0x0000000088600000| Untracked 
| 135|0x0000000088700000, 0x0000000088800000, 0x0000000088800000|100%| O|  |TAMS 0x0000000088800000, 0x0000000088700000| Untracked 
| 136|0x0000000088800000, 0x0000000088900000, 0x0000000088900000|100%| O|  |TAMS 0x0000000088900000, 0x0000000088800000| Untracked 
| 137|0x0000000088900000, 0x0000000088a00000, 0x0000000088a00000|100%| O|  |TAMS 0x0000000088a00000, 0x0000000088900000| Untracked 
| 138|0x0000000088a00000, 0x0000000088b00000, 0x0000000088b00000|100%| O|  |TAMS 0x0000000088b00000, 0x0000000088a00000| Untracked 
| 139|0x0000000088b00000, 0x0000000088c00000, 0x0000000088c00000|100%| O|  |TAMS 0x0000000088c00000, 0x0000000088b00000| Untracked 
| 140|0x0000000088c00000, 0x0000000088d00000, 0x0000000088d00000|100%| O|  |TAMS 0x0000000088d00000, 0x0000000088c00000| Untracked 
| 141|0x0000000088d00000, 0x0000000088e00000, 0x0000000088e00000|100%| O|  |TAMS 0x0000000088e00000, 0x0000000088d00000| Untracked 
| 142|0x0000000088e00000, 0x0000000088f00000, 0x0000000088f00000|100%| O|  |TAMS 0x0000000088f00000, 0x0000000088e00000| Untracked 
| 143|0x0000000088f00000, 0x0000000089000000, 0x0000000089000000|100%| O|  |TAMS 0x0000000089000000, 0x0000000088f00000| Untracked 
| 144|0x0000000089000000, 0x0000000089100000, 0x0000000089100000|100%| O|  |TAMS 0x0000000089100000, 0x0000000089000000| Untracked 
| 145|0x0000000089100000, 0x0000000089200000, 0x0000000089200000|100%| O|  |TAMS 0x0000000089200000, 0x0000000089100000| Untracked 
| 146|0x0000000089200000, 0x0000000089300000, 0x0000000089300000|100%| O|  |TAMS 0x0000000089300000, 0x0000000089200000| Untracked 
| 147|0x0000000089300000, 0x0000000089400000, 0x0000000089400000|100%| O|  |TAMS 0x0000000089400000, 0x0000000089300000| Untracked 
| 148|0x0000000089400000, 0x0000000089500000, 0x0000000089500000|100%| O|  |TAMS 0x0000000089500000, 0x0000000089400000| Untracked 
| 149|0x0000000089500000, 0x0000000089600000, 0x0000000089600000|100%| O|  |TAMS 0x0000000089600000, 0x0000000089500000| Untracked 
| 150|0x0000000089600000, 0x0000000089700000, 0x0000000089700000|100%| O|  |TAMS 0x0000000089700000, 0x0000000089600000| Untracked 
| 151|0x0000000089700000, 0x0000000089800000, 0x0000000089800000|100%| O|  |TAMS 0x0000000089800000, 0x0000000089700000| Untracked 
| 152|0x0000000089800000, 0x0000000089900000, 0x0000000089900000|100%| O|  |TAMS 0x0000000089900000, 0x0000000089800000| Untracked 
| 153|0x0000000089900000, 0x0000000089a00000, 0x0000000089a00000|100%| O|  |TAMS 0x0000000089a00000, 0x0000000089900000| Untracked 
| 154|0x0000000089a00000, 0x0000000089b00000, 0x0000000089b00000|100%| O|  |TAMS 0x0000000089b00000, 0x0000000089a00000| Untracked 
| 155|0x0000000089b00000, 0x0000000089c00000, 0x0000000089c00000|100%| O|  |TAMS 0x0000000089b00000, 0x0000000089b00000| Untracked 
| 156|0x0000000089c00000, 0x0000000089d00000, 0x0000000089d00000|100%| O|  |TAMS 0x0000000089d00000, 0x0000000089c00000| Untracked 
| 157|0x0000000089d00000, 0x0000000089e00000, 0x0000000089e00000|100%| O|  |TAMS 0x0000000089e00000, 0x0000000089d00000| Untracked 
| 158|0x0000000089e00000, 0x0000000089f00000, 0x0000000089f00000|100%| O|  |TAMS 0x0000000089f00000, 0x0000000089e00000| Untracked 
| 159|0x0000000089f00000, 0x000000008a000000, 0x000000008a000000|100%| O|  |TAMS 0x000000008a000000, 0x0000000089f00000| Untracked 
| 160|0x000000008a000000, 0x000000008a100000, 0x000000008a100000|100%| O|  |TAMS 0x000000008a100000, 0x000000008a000000| Untracked 
| 161|0x000000008a100000, 0x000000008a200000, 0x000000008a200000|100%| O|  |TAMS 0x000000008a200000, 0x000000008a100000| Untracked 
| 162|0x000000008a200000, 0x000000008a300000, 0x000000008a300000|100%| O|  |TAMS 0x000000008a300000, 0x000000008a200000| Untracked 
| 163|0x000000008a300000, 0x000000008a400000, 0x000000008a400000|100%| O|  |TAMS 0x000000008a400000, 0x000000008a300000| Untracked 
| 164|0x000000008a400000, 0x000000008a500000, 0x000000008a500000|100%| O|  |TAMS 0x000000008a500000, 0x000000008a400000| Untracked 
| 165|0x000000008a500000, 0x000000008a600000, 0x000000008a600000|100%| O|  |TAMS 0x000000008a500000, 0x000000008a500000| Untracked 
| 166|0x000000008a600000, 0x000000008a700000, 0x000000008a700000|100%| O|  |TAMS 0x000000008a700000, 0x000000008a600000| Untracked 
| 167|0x000000008a700000, 0x000000008a800000, 0x000000008a800000|100%| O|  |TAMS 0x000000008a800000, 0x000000008a700000| Untracked 
| 168|0x000000008a800000, 0x000000008a900000, 0x000000008a900000|100%| O|  |TAMS 0x000000008a800000, 0x000000008a800000| Untracked 
| 169|0x000000008a900000, 0x000000008aa00000, 0x000000008aa00000|100%| O|  |TAMS 0x000000008aa00000, 0x000000008a900000| Untracked 
| 170|0x000000008aa00000, 0x000000008ab00000, 0x000000008ab00000|100%| O|  |TAMS 0x000000008ab00000, 0x000000008aa00000| Untracked 
| 171|0x000000008ab00000, 0x000000008ac00000, 0x000000008ac00000|100%| O|  |TAMS 0x000000008ac00000, 0x000000008ab00000| Untracked 
| 172|0x000000008ac00000, 0x000000008ad00000, 0x000000008ad00000|100%| O|  |TAMS 0x000000008ad00000, 0x000000008ac00000| Untracked 
| 173|0x000000008ad00000, 0x000000008ae00000, 0x000000008ae00000|100%| O|  |TAMS 0x000000008ae00000, 0x000000008ad00000| Untracked 
| 174|0x000000008ae00000, 0x000000008af00000, 0x000000008af00000|100%| O|  |TAMS 0x000000008af00000, 0x000000008ae00000| Untracked 
| 175|0x000000008af00000, 0x000000008b000000, 0x000000008b000000|100%| O|  |TAMS 0x000000008b000000, 0x000000008af00000| Untracked 
| 176|0x000000008b000000, 0x000000008b100000, 0x000000008b100000|100%| O|  |TAMS 0x000000008b100000, 0x000000008b000000| Untracked 
| 177|0x000000008b100000, 0x000000008b200000, 0x000000008b200000|100%| O|  |TAMS 0x000000008b200000, 0x000000008b100000| Untracked 
| 178|0x000000008b200000, 0x000000008b300000, 0x000000008b300000|100%| O|  |TAMS 0x000000008b300000, 0x000000008b200000| Untracked 
| 179|0x000000008b300000, 0x000000008b400000, 0x000000008b400000|100%| O|  |TAMS 0x000000008b400000, 0x000000008b300000| Untracked 
| 180|0x000000008b400000, 0x000000008b500000, 0x000000008b500000|100%| O|  |TAMS 0x000000008b500000, 0x000000008b400000| Untracked 
| 181|0x000000008b500000, 0x000000008b600000, 0x000000008b600000|100%| O|  |TAMS 0x000000008b600000, 0x000000008b500000| Untracked 
| 182|0x000000008b600000, 0x000000008b700000, 0x000000008b700000|100%| O|  |TAMS 0x000000008b600000, 0x000000008b600000| Untracked 
| 183|0x000000008b700000, 0x000000008b800000, 0x000000008b800000|100%| O|  |TAMS 0x000000008b800000, 0x000000008b700000| Untracked 
| 184|0x000000008b800000, 0x000000008b900000, 0x000000008b900000|100%| O|  |TAMS 0x000000008b900000, 0x000000008b800000| Untracked 
| 185|0x000000008b900000, 0x000000008ba00000, 0x000000008ba00000|100%| O|  |TAMS 0x000000008ba00000, 0x000000008b900000| Untracked 
| 186|0x000000008ba00000, 0x000000008bb00000, 0x000000008bb00000|100%| O|  |TAMS 0x000000008bb00000, 0x000000008ba00000| Untracked 
| 187|0x000000008bb00000, 0x000000008bc00000, 0x000000008bc00000|100%| O|  |TAMS 0x000000008bc00000, 0x000000008bb00000| Untracked 
| 188|0x000000008bc00000, 0x000000008bd00000, 0x000000008bd00000|100%| O|  |TAMS 0x000000008bc00000, 0x000000008bc00000| Untracked 
| 189|0x000000008bd00000, 0x000000008be00000, 0x000000008be00000|100%| O|  |TAMS 0x000000008be00000, 0x000000008bd00000| Untracked 
| 190|0x000000008be00000, 0x000000008bf00000, 0x000000008bf00000|100%| O|  |TAMS 0x000000008bf00000, 0x000000008be00000| Untracked 
| 191|0x000000008bf00000, 0x000000008c000000, 0x000000008c000000|100%| O|  |TAMS 0x000000008c000000, 0x000000008bf00000| Untracked 
| 192|0x000000008c000000, 0x000000008c100000, 0x000000008c100000|100%| O|  |TAMS 0x000000008c000000, 0x000000008c000000| Untracked 
| 193|0x000000008c100000, 0x000000008c200000, 0x000000008c200000|100%| O|  |TAMS 0x000000008c200000, 0x000000008c100000| Untracked 
| 194|0x000000008c200000, 0x000000008c300000, 0x000000008c300000|100%| O|  |TAMS 0x000000008c300000, 0x000000008c200000| Untracked 
| 195|0x000000008c300000, 0x000000008c400000, 0x000000008c400000|100%| O|  |TAMS 0x000000008c300000, 0x000000008c300000| Untracked 
| 196|0x000000008c400000, 0x000000008c500000, 0x000000008c500000|100%| O|  |TAMS 0x000000008c400000, 0x000000008c400000| Untracked 
| 197|0x000000008c500000, 0x000000008c600000, 0x000000008c600000|100%| O|  |TAMS 0x000000008c500000, 0x000000008c500000| Untracked 
| 198|0x000000008c600000, 0x000000008c700000, 0x000000008c700000|100%|HS|  |TAMS 0x000000008c700000, 0x000000008c600000| Complete 
| 199|0x000000008c700000, 0x000000008c800000, 0x000000008c800000|100%|HS|  |TAMS 0x000000008c800000, 0x000000008c700000| Complete 
| 200|0x000000008c800000, 0x000000008c900000, 0x000000008c900000|100%|HS|  |TAMS 0x000000008c900000, 0x000000008c800000| Complete 
| 201|0x000000008c900000, 0x000000008ca00000, 0x000000008ca00000|100%| O|  |TAMS 0x000000008ca00000, 0x000000008c900000| Untracked 
| 202|0x000000008ca00000, 0x000000008cb00000, 0x000000008cb00000|100%| O|  |TAMS 0x000000008ca00000, 0x000000008ca00000| Untracked 
| 203|0x000000008cb00000, 0x000000008cc00000, 0x000000008cc00000|100%| O|  |TAMS 0x000000008cb00000, 0x000000008cb00000| Untracked 
| 204|0x000000008cc00000, 0x000000008cd00000, 0x000000008cd00000|100%| O|  |TAMS 0x000000008cd00000, 0x000000008cc00000| Untracked 
| 205|0x000000008cd00000, 0x000000008ce00000, 0x000000008ce00000|100%| O|  |TAMS 0x000000008ce00000, 0x000000008cd00000| Untracked 
| 206|0x000000008ce00000, 0x000000008cf00000, 0x000000008cf00000|100%| O|  |TAMS 0x000000008cf00000, 0x000000008ce00000| Untracked 
| 207|0x000000008cf00000, 0x000000008d000000, 0x000000008d000000|100%| O|  |TAMS 0x000000008cf00000, 0x000000008cf00000| Untracked 
| 208|0x000000008d000000, 0x000000008d100000, 0x000000008d100000|100%| O|  |TAMS 0x000000008d000000, 0x000000008d000000| Untracked 
| 209|0x000000008d100000, 0x000000008d200000, 0x000000008d200000|100%| O|  |TAMS 0x000000008d100000, 0x000000008d100000| Untracked 
| 210|0x000000008d200000, 0x000000008d300000, 0x000000008d300000|100%| O|  |TAMS 0x000000008d300000, 0x000000008d200000| Untracked 
| 211|0x000000008d300000, 0x000000008d400000, 0x000000008d400000|100%| O|  |TAMS 0x000000008d400000, 0x000000008d300000| Untracked 
| 212|0x000000008d400000, 0x000000008d500000, 0x000000008d500000|100%| O|  |TAMS 0x000000008d500000, 0x000000008d400000| Untracked 
| 213|0x000000008d500000, 0x000000008d600000, 0x000000008d600000|100%| O|  |TAMS 0x000000008d600000, 0x000000008d500000| Untracked 
| 214|0x000000008d600000, 0x000000008d700000, 0x000000008d700000|100%| O|  |TAMS 0x000000008d700000, 0x000000008d600000| Untracked 
| 215|0x000000008d700000, 0x000000008d800000, 0x000000008d800000|100%| O|  |TAMS 0x000000008d800000, 0x000000008d700000| Untracked 
| 216|0x000000008d800000, 0x000000008d900000, 0x000000008d900000|100%| O|  |TAMS 0x000000008d900000, 0x000000008d800000| Untracked 
| 217|0x000000008d900000, 0x000000008da00000, 0x000000008da00000|100%| O|  |TAMS 0x000000008d900000, 0x000000008d900000| Untracked 
| 218|0x000000008da00000, 0x000000008db00000, 0x000000008db00000|100%| O|  |TAMS 0x000000008db00000, 0x000000008da00000| Untracked 
| 219|0x000000008db00000, 0x000000008dc00000, 0x000000008dc00000|100%|HS|  |TAMS 0x000000008dc00000, 0x000000008db00000| Complete 
| 220|0x000000008dc00000, 0x000000008dd00000, 0x000000008dd00000|100%|HS|  |TAMS 0x000000008dd00000, 0x000000008dc00000| Complete 
| 221|0x000000008dd00000, 0x000000008de00000, 0x000000008de00000|100%|HS|  |TAMS 0x000000008de00000, 0x000000008dd00000| Complete 
| 222|0x000000008de00000, 0x000000008df00000, 0x000000008df00000|100%| O|  |TAMS 0x000000008df00000, 0x000000008de00000| Untracked 
| 223|0x000000008df00000, 0x000000008e000000, 0x000000008e000000|100%| O|  |TAMS 0x000000008e000000, 0x000000008df00000| Untracked 
| 224|0x000000008e000000, 0x000000008e100000, 0x000000008e100000|100%| O|  |TAMS 0x000000008e100000, 0x000000008e000000| Untracked 
| 225|0x000000008e100000, 0x000000008e200000, 0x000000008e200000|100%| O|  |TAMS 0x000000008e100000, 0x000000008e100000| Untracked 
| 226|0x000000008e200000, 0x000000008e300000, 0x000000008e300000|100%| O|  |TAMS 0x000000008e200000, 0x000000008e200000| Untracked 
| 227|0x000000008e300000, 0x000000008e400000, 0x000000008e400000|100%| O|  |TAMS 0x000000008e300000, 0x000000008e300000| Untracked 
| 228|0x000000008e400000, 0x000000008e500000, 0x000000008e500000|100%| O|  |TAMS 0x000000008e500000, 0x000000008e400000| Untracked 
| 229|0x000000008e500000, 0x000000008e600000, 0x000000008e600000|100%| O|  |TAMS 0x000000008e600000, 0x000000008e500000| Untracked 
| 230|0x000000008e600000, 0x000000008e700000, 0x000000008e700000|100%| O|  |TAMS 0x000000008e700000, 0x000000008e600000| Untracked 
| 231|0x000000008e700000, 0x000000008e800000, 0x000000008e800000|100%| O|  |TAMS 0x000000008e800000, 0x000000008e700000| Untracked 
| 232|0x000000008e800000, 0x000000008e900000, 0x000000008e900000|100%| O|  |TAMS 0x000000008e900000, 0x000000008e800000| Untracked 
| 233|0x000000008e900000, 0x000000008ea00000, 0x000000008ea00000|100%| O|  |TAMS 0x000000008ea00000, 0x000000008e900000| Untracked 
| 234|0x000000008ea00000, 0x000000008eb00000, 0x000000008eb00000|100%| O|  |TAMS 0x000000008eb00000, 0x000000008ea00000| Untracked 
| 235|0x000000008eb00000, 0x000000008ec00000, 0x000000008ec00000|100%| O|  |TAMS 0x000000008ec00000, 0x000000008eb00000| Untracked 
| 236|0x000000008ec00000, 0x000000008ed00000, 0x000000008ed00000|100%| O|  |TAMS 0x000000008ed00000, 0x000000008ec00000| Untracked 
| 237|0x000000008ed00000, 0x000000008ee00000, 0x000000008ee00000|100%| O|  |TAMS 0x000000008ee00000, 0x000000008ed00000| Untracked 
| 238|0x000000008ee00000, 0x000000008ef00000, 0x000000008ef00000|100%| O|  |TAMS 0x000000008ef00000, 0x000000008ee00000| Untracked 
| 239|0x000000008ef00000, 0x000000008f000000, 0x000000008f000000|100%| O|  |TAMS 0x000000008f000000, 0x000000008ef00000| Untracked 
| 240|0x000000008f000000, 0x000000008f100000, 0x000000008f100000|100%| O|  |TAMS 0x000000008f100000, 0x000000008f000000| Untracked 
| 241|0x000000008f100000, 0x000000008f200000, 0x000000008f200000|100%| O|  |TAMS 0x000000008f200000, 0x000000008f100000| Untracked 
| 242|0x000000008f200000, 0x000000008f300000, 0x000000008f300000|100%| O|  |TAMS 0x000000008f300000, 0x000000008f200000| Untracked 
| 243|0x000000008f300000, 0x000000008f400000, 0x000000008f400000|100%| O|  |TAMS 0x000000008f300000, 0x000000008f300000| Untracked 
| 244|0x000000008f400000, 0x000000008f500000, 0x000000008f500000|100%|HS|  |TAMS 0x000000008f500000, 0x000000008f400000| Complete 
| 245|0x000000008f500000, 0x000000008f600000, 0x000000008f600000|100%|HS|  |TAMS 0x000000008f600000, 0x000000008f500000| Complete 
| 246|0x000000008f600000, 0x000000008f700000, 0x000000008f700000|100%| O|  |TAMS 0x000000008f700000, 0x000000008f600000| Untracked 
| 247|0x000000008f700000, 0x000000008f800000, 0x000000008f800000|100%|HS|  |TAMS 0x000000008f800000, 0x000000008f700000| Complete 
| 248|0x000000008f800000, 0x000000008f900000, 0x000000008f900000|100%|HC|  |TAMS 0x000000008f900000, 0x000000008f800000| Complete 
| 249|0x000000008f900000, 0x000000008fa00000, 0x000000008fa00000|100%| O|  |TAMS 0x000000008f900000, 0x000000008f900000| Untracked 
| 250|0x000000008fa00000, 0x000000008fb00000, 0x000000008fb00000|100%| O|  |TAMS 0x000000008fb00000, 0x000000008fa00000| Untracked 
| 251|0x000000008fb00000, 0x000000008fc00000, 0x000000008fc00000|100%| O|  |TAMS 0x000000008fc00000, 0x000000008fb00000| Untracked 
| 252|0x000000008fc00000, 0x000000008fd00000, 0x000000008fd00000|100%| O|  |TAMS 0x000000008fc00000, 0x000000008fc00000| Untracked 
| 253|0x000000008fd00000, 0x000000008fe00000, 0x000000008fe00000|100%| O|  |TAMS 0x000000008fd00000, 0x000000008fd00000| Untracked 
| 254|0x000000008fe00000, 0x000000008ff00000, 0x000000008ff00000|100%| O|  |TAMS 0x000000008fe00000, 0x000000008fe00000| Untracked 
| 255|0x000000008ff00000, 0x0000000090000000, 0x0000000090000000|100%| O|  |TAMS 0x0000000090000000, 0x000000008ff00000| Untracked 
| 256|0x0000000090000000, 0x0000000090100000, 0x0000000090100000|100%| O|  |TAMS 0x0000000090100000, 0x0000000090000000| Untracked 
| 257|0x0000000090100000, 0x0000000090200000, 0x0000000090200000|100%| O|  |TAMS 0x0000000090200000, 0x0000000090100000| Untracked 
| 258|0x0000000090200000, 0x0000000090300000, 0x0000000090300000|100%| O|  |TAMS 0x0000000090300000, 0x0000000090200000| Untracked 
| 259|0x0000000090300000, 0x0000000090400000, 0x0000000090400000|100%| O|  |TAMS 0x0000000090400000, 0x0000000090300000| Untracked 
| 260|0x0000000090400000, 0x0000000090500000, 0x0000000090500000|100%| O|  |TAMS 0x0000000090500000, 0x0000000090400000| Untracked 
| 261|0x0000000090500000, 0x0000000090600000, 0x0000000090600000|100%| O|  |TAMS 0x0000000090500000, 0x0000000090500000| Untracked 
| 262|0x0000000090600000, 0x0000000090700000, 0x0000000090700000|100%| O|  |TAMS 0x0000000090700000, 0x0000000090600000| Untracked 
| 263|0x0000000090700000, 0x0000000090800000, 0x0000000090800000|100%| O|  |TAMS 0x0000000090700000, 0x0000000090700000| Untracked 
| 264|0x0000000090800000, 0x0000000090900000, 0x0000000090900000|100%| O|  |TAMS 0x0000000090900000, 0x0000000090800000| Untracked 
| 265|0x0000000090900000, 0x0000000090a00000, 0x0000000090a00000|100%| O|  |TAMS 0x0000000090a00000, 0x0000000090900000| Untracked 
| 266|0x0000000090a00000, 0x0000000090b00000, 0x0000000090b00000|100%| O|  |TAMS 0x0000000090a00000, 0x0000000090a00000| Untracked 
| 267|0x0000000090b00000, 0x0000000090c00000, 0x0000000090c00000|100%| O|  |TAMS 0x0000000090c00000, 0x0000000090b00000| Untracked 
| 268|0x0000000090c00000, 0x0000000090d00000, 0x0000000090d00000|100%| O|  |TAMS 0x0000000090c00000, 0x0000000090c00000| Untracked 
| 269|0x0000000090d00000, 0x0000000090e00000, 0x0000000090e00000|100%| O|  |TAMS 0x0000000090d00000, 0x0000000090d00000| Untracked 
| 270|0x0000000090e00000, 0x0000000090f00000, 0x0000000090f00000|100%| O|  |TAMS 0x0000000090f00000, 0x0000000090e00000| Untracked 
| 271|0x0000000090f00000, 0x0000000091000000, 0x0000000091000000|100%| O|  |TAMS 0x0000000091000000, 0x0000000090f00000| Untracked 
| 272|0x0000000091000000, 0x0000000091100000, 0x0000000091100000|100%| O|  |TAMS 0x0000000091100000, 0x0000000091000000| Untracked 
| 273|0x0000000091100000, 0x0000000091200000, 0x0000000091200000|100%| O|  |TAMS 0x0000000091200000, 0x0000000091100000| Untracked 
| 274|0x0000000091200000, 0x0000000091300000, 0x0000000091300000|100%| O|  |TAMS 0x0000000091300000, 0x0000000091200000| Untracked 
| 275|0x0000000091300000, 0x0000000091400000, 0x0000000091400000|100%| O|  |TAMS 0x0000000091400000, 0x0000000091300000| Untracked 
| 276|0x0000000091400000, 0x0000000091500000, 0x0000000091500000|100%| O|  |TAMS 0x0000000091500000, 0x0000000091400000| Untracked 
| 277|0x0000000091500000, 0x0000000091600000, 0x0000000091600000|100%| O|  |TAMS 0x0000000091600000, 0x0000000091500000| Untracked 
| 278|0x0000000091600000, 0x0000000091700000, 0x0000000091700000|100%| O|  |TAMS 0x0000000091700000, 0x0000000091600000| Untracked 
| 279|0x0000000091700000, 0x0000000091800000, 0x0000000091800000|100%| O|  |TAMS 0x0000000091800000, 0x0000000091700000| Untracked 
| 280|0x0000000091800000, 0x0000000091900000, 0x0000000091900000|100%| O|  |TAMS 0x0000000091900000, 0x0000000091800000| Untracked 
| 281|0x0000000091900000, 0x0000000091a00000, 0x0000000091a00000|100%| O|  |TAMS 0x0000000091a00000, 0x0000000091900000| Untracked 
| 282|0x0000000091a00000, 0x0000000091b00000, 0x0000000091b00000|100%| O|  |TAMS 0x0000000091b00000, 0x0000000091a00000| Untracked 
| 283|0x0000000091b00000, 0x0000000091c00000, 0x0000000091c00000|100%| O|  |TAMS 0x0000000091c00000, 0x0000000091b00000| Untracked 
| 284|0x0000000091c00000, 0x0000000091d00000, 0x0000000091d00000|100%| O|  |TAMS 0x0000000091d00000, 0x0000000091c00000| Untracked 
| 285|0x0000000091d00000, 0x0000000091e00000, 0x0000000091e00000|100%| O|  |TAMS 0x0000000091e00000, 0x0000000091d00000| Untracked 
| 286|0x0000000091e00000, 0x0000000091f00000, 0x0000000091f00000|100%| O|  |TAMS 0x0000000091f00000, 0x0000000091e00000| Untracked 
| 287|0x0000000091f00000, 0x0000000092000000, 0x0000000092000000|100%| O|  |TAMS 0x0000000091f00000, 0x0000000091f00000| Untracked 
| 288|0x0000000092000000, 0x0000000092100000, 0x0000000092100000|100%| O|  |TAMS 0x0000000092100000, 0x0000000092000000| Untracked 
| 289|0x0000000092100000, 0x0000000092200000, 0x0000000092200000|100%| O|  |TAMS 0x0000000092200000, 0x0000000092100000| Untracked 
| 290|0x0000000092200000, 0x0000000092300000, 0x0000000092300000|100%| O|  |TAMS 0x0000000092300000, 0x0000000092200000| Untracked 
| 291|0x0000000092300000, 0x0000000092400000, 0x0000000092400000|100%| O|  |TAMS 0x0000000092400000, 0x0000000092300000| Untracked 
| 292|0x0000000092400000, 0x0000000092500000, 0x0000000092500000|100%| O|  |TAMS 0x0000000092500000, 0x0000000092400000| Untracked 
| 293|0x0000000092500000, 0x0000000092600000, 0x0000000092600000|100%| O|  |TAMS 0x0000000092600000, 0x0000000092500000| Untracked 
| 294|0x0000000092600000, 0x0000000092700000, 0x0000000092700000|100%| O|  |TAMS 0x0000000092700000, 0x0000000092600000| Untracked 
| 295|0x0000000092700000, 0x0000000092800000, 0x0000000092800000|100%| O|  |TAMS 0x0000000092800000, 0x0000000092700000| Untracked 
| 296|0x0000000092800000, 0x0000000092900000, 0x0000000092900000|100%| O|  |TAMS 0x0000000092900000, 0x0000000092800000| Untracked 
| 297|0x0000000092900000, 0x0000000092a00000, 0x0000000092a00000|100%| O|  |TAMS 0x0000000092a00000, 0x0000000092900000| Untracked 
| 298|0x0000000092a00000, 0x0000000092b00000, 0x0000000092b00000|100%| O|  |TAMS 0x0000000092b00000, 0x0000000092a00000| Untracked 
| 299|0x0000000092b00000, 0x0000000092c00000, 0x0000000092c00000|100%| O|  |TAMS 0x0000000092c00000, 0x0000000092b00000| Untracked 
| 300|0x0000000092c00000, 0x0000000092d00000, 0x0000000092d00000|100%| O|  |TAMS 0x0000000092d00000, 0x0000000092c00000| Untracked 
| 301|0x0000000092d00000, 0x0000000092e00000, 0x0000000092e00000|100%| O|  |TAMS 0x0000000092d00000, 0x0000000092d00000| Untracked 
| 302|0x0000000092e00000, 0x0000000092f00000, 0x0000000092f00000|100%| O|  |TAMS 0x0000000092e00000, 0x0000000092e00000| Untracked 
| 303|0x0000000092f00000, 0x0000000093000000, 0x0000000093000000|100%| O|  |TAMS 0x0000000093000000, 0x0000000092f00000| Untracked 
| 304|0x0000000093000000, 0x0000000093100000, 0x0000000093100000|100%| O|  |TAMS 0x0000000093100000, 0x0000000093000000| Untracked 
| 305|0x0000000093100000, 0x0000000093200000, 0x0000000093200000|100%| O|  |TAMS 0x0000000093200000, 0x0000000093100000| Untracked 
| 306|0x0000000093200000, 0x0000000093300000, 0x0000000093300000|100%| O|  |TAMS 0x0000000093300000, 0x0000000093200000| Untracked 
| 307|0x0000000093300000, 0x0000000093400000, 0x0000000093400000|100%| O|  |TAMS 0x0000000093400000, 0x0000000093300000| Untracked 
| 308|0x0000000093400000, 0x0000000093500000, 0x0000000093500000|100%| O|  |TAMS 0x0000000093500000, 0x0000000093400000| Untracked 
| 309|0x0000000093500000, 0x0000000093600000, 0x0000000093600000|100%| O|  |TAMS 0x0000000093600000, 0x0000000093500000| Untracked 
| 310|0x0000000093600000, 0x0000000093700000, 0x0000000093700000|100%| O|  |TAMS 0x0000000093700000, 0x0000000093600000| Untracked 
| 311|0x0000000093700000, 0x0000000093800000, 0x0000000093800000|100%| O|  |TAMS 0x0000000093700000, 0x0000000093700000| Untracked 
| 312|0x0000000093800000, 0x0000000093900000, 0x0000000093900000|100%| O|  |TAMS 0x0000000093900000, 0x0000000093800000| Untracked 
| 313|0x0000000093900000, 0x0000000093a00000, 0x0000000093a00000|100%| O|  |TAMS 0x0000000093a00000, 0x0000000093900000| Untracked 
| 314|0x0000000093a00000, 0x0000000093b00000, 0x0000000093b00000|100%| O|  |TAMS 0x0000000093b00000, 0x0000000093a00000| Untracked 
| 315|0x0000000093b00000, 0x0000000093c00000, 0x0000000093c00000|100%| O|  |TAMS 0x0000000093c00000, 0x0000000093b00000| Untracked 
| 316|0x0000000093c00000, 0x0000000093d00000, 0x0000000093d00000|100%| O|  |TAMS 0x0000000093d00000, 0x0000000093c00000| Untracked 
| 317|0x0000000093d00000, 0x0000000093e00000, 0x0000000093e00000|100%| O|  |TAMS 0x0000000093d00000, 0x0000000093d00000| Untracked 
| 318|0x0000000093e00000, 0x0000000093f00000, 0x0000000093f00000|100%| O|  |TAMS 0x0000000093e00000, 0x0000000093e00000| Untracked 
| 319|0x0000000093f00000, 0x0000000094000000, 0x0000000094000000|100%| O|  |TAMS 0x0000000094000000, 0x0000000093f00000| Untracked 
| 320|0x0000000094000000, 0x0000000094100000, 0x0000000094100000|100%| O|  |TAMS 0x0000000094100000, 0x0000000094000000| Untracked 
| 321|0x0000000094100000, 0x0000000094200000, 0x0000000094200000|100%| O|  |TAMS 0x0000000094200000, 0x0000000094100000| Untracked 
| 322|0x0000000094200000, 0x0000000094300000, 0x0000000094300000|100%| O|  |TAMS 0x0000000094300000, 0x0000000094200000| Untracked 
| 323|0x0000000094300000, 0x0000000094400000, 0x0000000094400000|100%| O|  |TAMS 0x0000000094400000, 0x0000000094300000| Untracked 
| 324|0x0000000094400000, 0x0000000094500000, 0x0000000094500000|100%| O|  |TAMS 0x0000000094500000, 0x0000000094400000| Untracked 
| 325|0x0000000094500000, 0x0000000094600000, 0x0000000094600000|100%| O|  |TAMS 0x0000000094600000, 0x0000000094500000| Untracked 
| 326|0x0000000094600000, 0x0000000094700000, 0x0000000094700000|100%| O|  |TAMS 0x0000000094700000, 0x0000000094600000| Untracked 
| 327|0x0000000094700000, 0x0000000094800000, 0x0000000094800000|100%| O|  |TAMS 0x0000000094800000, 0x0000000094700000| Untracked 
| 328|0x0000000094800000, 0x0000000094900000, 0x0000000094900000|100%| O|  |TAMS 0x0000000094800000, 0x0000000094800000| Untracked 
| 329|0x0000000094900000, 0x0000000094a00000, 0x0000000094a00000|100%| O|  |TAMS 0x0000000094a00000, 0x0000000094900000| Untracked 
| 330|0x0000000094a00000, 0x0000000094b00000, 0x0000000094b00000|100%| O|  |TAMS 0x0000000094b00000, 0x0000000094a00000| Untracked 
| 331|0x0000000094b00000, 0x0000000094c00000, 0x0000000094c00000|100%| O|  |TAMS 0x0000000094b00000, 0x0000000094b00000| Untracked 
| 332|0x0000000094c00000, 0x0000000094d00000, 0x0000000094d00000|100%| O|  |TAMS 0x0000000094d00000, 0x0000000094c00000| Untracked 
| 333|0x0000000094d00000, 0x0000000094e00000, 0x0000000094e00000|100%| O|  |TAMS 0x0000000094e00000, 0x0000000094d00000| Untracked 
| 334|0x0000000094e00000, 0x0000000094f00000, 0x0000000094f00000|100%| O|  |TAMS 0x0000000094e00000, 0x0000000094e00000| Untracked 
| 335|0x0000000094f00000, 0x0000000095000000, 0x0000000095000000|100%| O|  |TAMS 0x0000000095000000, 0x0000000094f00000| Untracked 
| 336|0x0000000095000000, 0x0000000095100000, 0x0000000095100000|100%| O|  |TAMS 0x0000000095100000, 0x0000000095000000| Untracked 
| 337|0x0000000095100000, 0x0000000095200000, 0x0000000095200000|100%| O|  |TAMS 0x0000000095100000, 0x0000000095100000| Untracked 
| 338|0x0000000095200000, 0x0000000095300000, 0x0000000095300000|100%| O|  |TAMS 0x0000000095300000, 0x0000000095200000| Untracked 
| 339|0x0000000095300000, 0x0000000095400000, 0x0000000095400000|100%| O|  |TAMS 0x0000000095300000, 0x0000000095300000| Untracked 
| 340|0x0000000095400000, 0x0000000095500000, 0x0000000095500000|100%| O|  |TAMS 0x0000000095500000, 0x0000000095400000| Untracked 
| 341|0x0000000095500000, 0x0000000095600000, 0x0000000095600000|100%| O|  |TAMS 0x0000000095600000, 0x0000000095500000| Untracked 
| 342|0x0000000095600000, 0x0000000095700000, 0x0000000095700000|100%| O|  |TAMS 0x0000000095700000, 0x0000000095600000| Untracked 
| 343|0x0000000095700000, 0x0000000095800000, 0x0000000095800000|100%| O|  |TAMS 0x0000000095800000, 0x0000000095700000| Untracked 
| 344|0x0000000095800000, 0x0000000095900000, 0x0000000095900000|100%| O|  |TAMS 0x0000000095900000, 0x0000000095800000| Untracked 
| 345|0x0000000095900000, 0x0000000095a00000, 0x0000000095a00000|100%| O|  |TAMS 0x0000000095a00000, 0x0000000095900000| Untracked 
| 346|0x0000000095a00000, 0x0000000095b00000, 0x0000000095b00000|100%| O|  |TAMS 0x0000000095b00000, 0x0000000095a00000| Untracked 
| 347|0x0000000095b00000, 0x0000000095c00000, 0x0000000095c00000|100%| O|  |TAMS 0x0000000095c00000, 0x0000000095b00000| Untracked 
| 348|0x0000000095c00000, 0x0000000095d00000, 0x0000000095d00000|100%| O|  |TAMS 0x0000000095c00000, 0x0000000095c00000| Untracked 
| 349|0x0000000095d00000, 0x0000000095e00000, 0x0000000095e00000|100%|HS|  |TAMS 0x0000000095e00000, 0x0000000095d00000| Complete 
| 350|0x0000000095e00000, 0x0000000095f00000, 0x0000000095f00000|100%|HC|  |TAMS 0x0000000095f00000, 0x0000000095e00000| Complete 
| 351|0x0000000095f00000, 0x0000000096000000, 0x0000000096000000|100%|HC|  |TAMS 0x0000000096000000, 0x0000000095f00000| Complete 
| 352|0x0000000096000000, 0x0000000096100000, 0x0000000096100000|100%| O|  |TAMS 0x0000000096000000, 0x0000000096000000| Untracked 
| 353|0x0000000096100000, 0x0000000096200000, 0x0000000096200000|100%| O|  |TAMS 0x0000000096200000, 0x0000000096100000| Untracked 
| 354|0x0000000096200000, 0x0000000096300000, 0x0000000096300000|100%| O|  |TAMS 0x0000000096300000, 0x0000000096200000| Untracked 
| 355|0x0000000096300000, 0x0000000096400000, 0x0000000096400000|100%| O|  |TAMS 0x0000000096300000, 0x0000000096300000| Untracked 
| 356|0x0000000096400000, 0x0000000096500000, 0x0000000096500000|100%| O|  |TAMS 0x0000000096400000, 0x0000000096400000| Untracked 
| 357|0x0000000096500000, 0x0000000096600000, 0x0000000096600000|100%| O|  |TAMS 0x0000000096500000, 0x0000000096500000| Untracked 
| 358|0x0000000096600000, 0x0000000096700000, 0x0000000096700000|100%| O|  |TAMS 0x0000000096600000, 0x0000000096600000| Untracked 
| 359|0x0000000096700000, 0x0000000096800000, 0x0000000096800000|100%| O|  |TAMS 0x0000000096700000, 0x0000000096700000| Untracked 
| 360|0x0000000096800000, 0x0000000096900000, 0x0000000096900000|100%| O|  |TAMS 0x0000000096800000, 0x0000000096800000| Untracked 
| 361|0x0000000096900000, 0x0000000096a00000, 0x0000000096a00000|100%| O|  |TAMS 0x0000000096900000, 0x0000000096900000| Untracked 
| 362|0x0000000096a00000, 0x0000000096b00000, 0x0000000096b00000|100%| O|  |TAMS 0x0000000096a00000, 0x0000000096a00000| Untracked 
| 363|0x0000000096b00000, 0x0000000096c00000, 0x0000000096c00000|100%| O|  |TAMS 0x0000000096b00000, 0x0000000096b00000| Untracked 
| 364|0x0000000096c00000, 0x0000000096d00000, 0x0000000096d00000|100%| O|  |TAMS 0x0000000096c00000, 0x0000000096c00000| Untracked 
| 365|0x0000000096d00000, 0x0000000096e00000, 0x0000000096e00000|100%| O|  |TAMS 0x0000000096d00000, 0x0000000096d00000| Untracked 
| 366|0x0000000096e00000, 0x0000000096f00000, 0x0000000096f00000|100%| O|  |TAMS 0x0000000096e00000, 0x0000000096e00000| Untracked 
| 367|0x0000000096f00000, 0x0000000097000000, 0x0000000097000000|100%|HS|  |TAMS 0x0000000097000000, 0x0000000096f00000| Complete 
| 368|0x0000000097000000, 0x0000000097100000, 0x0000000097100000|100%|HC|  |TAMS 0x0000000097100000, 0x0000000097000000| Complete 
| 369|0x0000000097100000, 0x0000000097200000, 0x0000000097200000|100%| O|  |TAMS 0x0000000097200000, 0x0000000097100000| Untracked 
| 370|0x0000000097200000, 0x0000000097300000, 0x0000000097300000|100%| O|  |TAMS 0x0000000097300000, 0x0000000097200000| Untracked 
| 371|0x0000000097300000, 0x0000000097400000, 0x0000000097400000|100%| O|  |TAMS 0x0000000097400000, 0x0000000097300000| Untracked 
| 372|0x0000000097400000, 0x0000000097500000, 0x0000000097500000|100%| O|  |TAMS 0x0000000097500000, 0x0000000097400000| Untracked 
| 373|0x0000000097500000, 0x0000000097600000, 0x0000000097600000|100%| O|  |TAMS 0x0000000097500000, 0x0000000097500000| Untracked 
| 374|0x0000000097600000, 0x0000000097700000, 0x0000000097700000|100%| O|  |TAMS 0x0000000097600000, 0x0000000097600000| Untracked 
| 375|0x0000000097700000, 0x0000000097800000, 0x0000000097800000|100%| O|  |TAMS 0x0000000097700000, 0x0000000097700000| Untracked 
| 376|0x0000000097800000, 0x0000000097900000, 0x0000000097900000|100%| O|  |TAMS 0x0000000097800000, 0x0000000097800000| Untracked 
| 377|0x0000000097900000, 0x0000000097a00000, 0x0000000097a00000|100%| O|  |TAMS 0x0000000097a00000, 0x0000000097900000| Untracked 
| 378|0x0000000097a00000, 0x0000000097b00000, 0x0000000097b00000|100%| O|  |TAMS 0x0000000097a00000, 0x0000000097a00000| Untracked 
| 379|0x0000000097b00000, 0x0000000097c00000, 0x0000000097c00000|100%| O|  |TAMS 0x0000000097b00000, 0x0000000097b00000| Untracked 
| 380|0x0000000097c00000, 0x0000000097d00000, 0x0000000097d00000|100%| O|  |TAMS 0x0000000097c00000, 0x0000000097c00000| Untracked 
| 381|0x0000000097d00000, 0x0000000097e00000, 0x0000000097e00000|100%| O|  |TAMS 0x0000000097d00000, 0x0000000097d00000| Untracked 
| 382|0x0000000097e00000, 0x0000000097f00000, 0x0000000097f00000|100%| O|  |TAMS 0x0000000097f00000, 0x0000000097e00000| Untracked 
| 383|0x0000000097f00000, 0x0000000098000000, 0x0000000098000000|100%| O|  |TAMS 0x0000000098000000, 0x0000000097f00000| Untracked 
| 384|0x0000000098000000, 0x0000000098100000, 0x0000000098100000|100%| O|  |TAMS 0x0000000098000000, 0x0000000098000000| Untracked 
| 385|0x0000000098100000, 0x0000000098200000, 0x0000000098200000|100%| O|  |TAMS 0x0000000098100000, 0x0000000098100000| Untracked 
| 386|0x0000000098200000, 0x0000000098300000, 0x0000000098300000|100%| O|  |TAMS 0x0000000098200000, 0x0000000098200000| Untracked 
| 387|0x0000000098300000, 0x0000000098400000, 0x0000000098400000|100%| O|  |TAMS 0x0000000098300000, 0x0000000098300000| Untracked 
| 388|0x0000000098400000, 0x0000000098500000, 0x0000000098500000|100%| O|  |TAMS 0x0000000098400000, 0x0000000098400000| Untracked 
| 389|0x0000000098500000, 0x0000000098600000, 0x0000000098600000|100%| O|  |TAMS 0x0000000098500000, 0x0000000098500000| Untracked 
| 390|0x0000000098600000, 0x0000000098700000, 0x0000000098700000|100%| O|  |TAMS 0x0000000098600000, 0x0000000098600000| Untracked 
| 391|0x0000000098700000, 0x0000000098800000, 0x0000000098800000|100%| O|  |TAMS 0x0000000098800000, 0x0000000098700000| Untracked 
| 392|0x0000000098800000, 0x0000000098900000, 0x0000000098900000|100%| O|  |TAMS 0x0000000098900000, 0x0000000098800000| Untracked 
| 393|0x0000000098900000, 0x0000000098a00000, 0x0000000098a00000|100%| O|  |TAMS 0x0000000098900000, 0x0000000098900000| Untracked 
| 394|0x0000000098a00000, 0x0000000098b00000, 0x0000000098b00000|100%| O|  |TAMS 0x0000000098a00000, 0x0000000098a00000| Untracked 
| 395|0x0000000098b00000, 0x0000000098c00000, 0x0000000098c00000|100%| O|  |TAMS 0x0000000098b00000, 0x0000000098b00000| Untracked 
| 396|0x0000000098c00000, 0x0000000098d00000, 0x0000000098d00000|100%| O|  |TAMS 0x0000000098c00000, 0x0000000098c00000| Untracked 
| 397|0x0000000098d00000, 0x0000000098e00000, 0x0000000098e00000|100%| O|  |TAMS 0x0000000098d00000, 0x0000000098d00000| Untracked 
| 398|0x0000000098e00000, 0x0000000098f00000, 0x0000000098f00000|100%| O|  |TAMS 0x0000000098e00000, 0x0000000098e00000| Untracked 
| 399|0x0000000098f00000, 0x0000000099000000, 0x0000000099000000|100%| O|  |TAMS 0x0000000098f00000, 0x0000000098f00000| Untracked 
| 400|0x0000000099000000, 0x0000000099100000, 0x0000000099100000|100%| O|  |TAMS 0x0000000099000000, 0x0000000099000000| Untracked 
| 401|0x0000000099100000, 0x0000000099200000, 0x0000000099200000|100%| O|  |TAMS 0x0000000099100000, 0x0000000099100000| Untracked 
| 402|0x0000000099200000, 0x0000000099300000, 0x0000000099300000|100%| O|  |TAMS 0x0000000099300000, 0x0000000099200000| Untracked 
| 403|0x0000000099300000, 0x0000000099400000, 0x0000000099400000|100%| O|  |TAMS 0x0000000099300000, 0x0000000099300000| Untracked 
| 404|0x0000000099400000, 0x0000000099500000, 0x0000000099500000|100%| O|  |TAMS 0x0000000099400000, 0x0000000099400000| Untracked 
| 405|0x0000000099500000, 0x0000000099600000, 0x0000000099600000|100%| O|  |TAMS 0x0000000099500000, 0x0000000099500000| Untracked 
| 406|0x0000000099600000, 0x0000000099700000, 0x0000000099700000|100%| O|  |TAMS 0x0000000099600000, 0x0000000099600000| Untracked 
| 407|0x0000000099700000, 0x0000000099800000, 0x0000000099800000|100%| O|  |TAMS 0x0000000099700000, 0x0000000099700000| Untracked 
| 408|0x0000000099800000, 0x0000000099900000, 0x0000000099900000|100%| O|  |TAMS 0x0000000099800000, 0x0000000099800000| Untracked 
| 409|0x0000000099900000, 0x0000000099a00000, 0x0000000099a00000|100%| O|  |TAMS 0x0000000099a00000, 0x0000000099900000| Untracked 
| 410|0x0000000099a00000, 0x0000000099b00000, 0x0000000099b00000|100%| O|  |TAMS 0x0000000099a00000, 0x0000000099a00000| Untracked 
| 411|0x0000000099b00000, 0x0000000099c00000, 0x0000000099c00000|100%| O|  |TAMS 0x0000000099b00000, 0x0000000099b00000| Untracked 
| 412|0x0000000099c00000, 0x0000000099d00000, 0x0000000099d00000|100%| O|  |TAMS 0x0000000099c00000, 0x0000000099c00000| Untracked 
| 413|0x0000000099d00000, 0x0000000099e00000, 0x0000000099e00000|100%| O|  |TAMS 0x0000000099d00000, 0x0000000099d00000| Untracked 
| 414|0x0000000099e00000, 0x0000000099f00000, 0x0000000099f00000|100%| O|  |TAMS 0x0000000099e00000, 0x0000000099e00000| Untracked 
| 415|0x0000000099f00000, 0x000000009a000000, 0x000000009a000000|100%| O|  |TAMS 0x0000000099f00000, 0x0000000099f00000| Untracked 
| 416|0x000000009a000000, 0x000000009a100000, 0x000000009a100000|100%| O|  |TAMS 0x000000009a000000, 0x000000009a000000| Untracked 
| 417|0x000000009a100000, 0x000000009a200000, 0x000000009a200000|100%| O|  |TAMS 0x000000009a100000, 0x000000009a100000| Untracked 
| 418|0x000000009a200000, 0x000000009a300000, 0x000000009a300000|100%| O|  |TAMS 0x000000009a200000, 0x000000009a200000| Untracked 
| 419|0x000000009a300000, 0x000000009a400000, 0x000000009a400000|100%| O|  |TAMS 0x000000009a400000, 0x000000009a300000| Untracked 
| 420|0x000000009a400000, 0x000000009a500000, 0x000000009a500000|100%| O|  |TAMS 0x000000009a400000, 0x000000009a400000| Untracked 
| 421|0x000000009a500000, 0x000000009a600000, 0x000000009a600000|100%| O|  |TAMS 0x000000009a500000, 0x000000009a500000| Untracked 
| 422|0x000000009a600000, 0x000000009a700000, 0x000000009a700000|100%| O|  |TAMS 0x000000009a600000, 0x000000009a600000| Untracked 
| 423|0x000000009a700000, 0x000000009a800000, 0x000000009a800000|100%| O|  |TAMS 0x000000009a700000, 0x000000009a700000| Untracked 
| 424|0x000000009a800000, 0x000000009a900000, 0x000000009a900000|100%| O|  |TAMS 0x000000009a800000, 0x000000009a800000| Untracked 
| 425|0x000000009a900000, 0x000000009aa00000, 0x000000009aa00000|100%| O|  |TAMS 0x000000009a900000, 0x000000009a900000| Untracked 
| 426|0x000000009aa00000, 0x000000009ab00000, 0x000000009ab00000|100%| O|  |TAMS 0x000000009aa00000, 0x000000009aa00000| Untracked 
| 427|0x000000009ab00000, 0x000000009ac00000, 0x000000009ac00000|100%| O|  |TAMS 0x000000009ab00000, 0x000000009ab00000| Untracked 
| 428|0x000000009ac00000, 0x000000009ad00000, 0x000000009ad00000|100%| O|  |TAMS 0x000000009ad00000, 0x000000009ac00000| Untracked 
| 429|0x000000009ad00000, 0x000000009ae00000, 0x000000009ae00000|100%| O|  |TAMS 0x000000009ad00000, 0x000000009ad00000| Untracked 
| 430|0x000000009ae00000, 0x000000009af00000, 0x000000009af00000|100%| O|  |TAMS 0x000000009ae00000, 0x000000009ae00000| Untracked 
| 431|0x000000009af00000, 0x000000009b000000, 0x000000009b000000|100%| O|  |TAMS 0x000000009af00000, 0x000000009af00000| Untracked 
| 432|0x000000009b000000, 0x000000009b100000, 0x000000009b100000|100%| O|  |TAMS 0x000000009b000000, 0x000000009b000000| Untracked 
| 433|0x000000009b100000, 0x000000009b200000, 0x000000009b200000|100%| O|  |TAMS 0x000000009b100000, 0x000000009b100000| Untracked 
| 434|0x000000009b200000, 0x000000009b300000, 0x000000009b300000|100%| O|  |TAMS 0x000000009b200000, 0x000000009b200000| Untracked 
| 435|0x000000009b300000, 0x000000009b400000, 0x000000009b400000|100%| O|  |TAMS 0x000000009b300000, 0x000000009b300000| Untracked 
| 436|0x000000009b400000, 0x000000009b500000, 0x000000009b500000|100%| O|  |TAMS 0x000000009b400000, 0x000000009b400000| Untracked 
| 437|0x000000009b500000, 0x000000009b600000, 0x000000009b600000|100%| O|  |TAMS 0x000000009b500000, 0x000000009b500000| Untracked 
| 438|0x000000009b600000, 0x000000009b700000, 0x000000009b700000|100%| O|  |TAMS 0x000000009b600000, 0x000000009b600000| Untracked 
| 439|0x000000009b700000, 0x000000009b800000, 0x000000009b800000|100%| O|  |TAMS 0x000000009b700000, 0x000000009b700000| Untracked 
| 440|0x000000009b800000, 0x000000009b900000, 0x000000009b900000|100%| O|  |TAMS 0x000000009b900000, 0x000000009b800000| Untracked 
| 441|0x000000009b900000, 0x000000009ba00000, 0x000000009ba00000|100%| O|  |TAMS 0x000000009ba00000, 0x000000009b900000| Untracked 
| 442|0x000000009ba00000, 0x000000009bb00000, 0x000000009bb00000|100%| O|  |TAMS 0x000000009bb00000, 0x000000009ba00000| Untracked 
| 443|0x000000009bb00000, 0x000000009bc00000, 0x000000009bc00000|100%| O|  |TAMS 0x000000009bb00000, 0x000000009bb00000| Untracked 
| 444|0x000000009bc00000, 0x000000009bd00000, 0x000000009bd00000|100%| O|  |TAMS 0x000000009bc00000, 0x000000009bc00000| Untracked 
| 445|0x000000009bd00000, 0x000000009be00000, 0x000000009be00000|100%| O|  |TAMS 0x000000009bd00000, 0x000000009bd00000| Untracked 
| 446|0x000000009be00000, 0x000000009bf00000, 0x000000009bf00000|100%| O|  |TAMS 0x000000009bf00000, 0x000000009be00000| Untracked 
| 447|0x000000009bf00000, 0x000000009c000000, 0x000000009c000000|100%| O|  |TAMS 0x000000009bf00000, 0x000000009bf00000| Untracked 
| 448|0x000000009c000000, 0x000000009c100000, 0x000000009c100000|100%| O|  |TAMS 0x000000009c000000, 0x000000009c000000| Untracked 
| 449|0x000000009c100000, 0x000000009c200000, 0x000000009c200000|100%| O|  |TAMS 0x000000009c100000, 0x000000009c100000| Untracked 
| 450|0x000000009c200000, 0x000000009c300000, 0x000000009c300000|100%| O|  |TAMS 0x000000009c200000, 0x000000009c200000| Untracked 
| 451|0x000000009c300000, 0x000000009c400000, 0x000000009c400000|100%| O|  |TAMS 0x000000009c300000, 0x000000009c300000| Untracked 
| 452|0x000000009c400000, 0x000000009c500000, 0x000000009c500000|100%| O|  |TAMS 0x000000009c400000, 0x000000009c400000| Untracked 
| 453|0x000000009c500000, 0x000000009c600000, 0x000000009c600000|100%| O|  |TAMS 0x000000009c500000, 0x000000009c500000| Untracked 
| 454|0x000000009c600000, 0x000000009c700000, 0x000000009c700000|100%| O|  |TAMS 0x000000009c600000, 0x000000009c600000| Untracked 
| 455|0x000000009c700000, 0x000000009c800000, 0x000000009c800000|100%| O|  |TAMS 0x000000009c700000, 0x000000009c700000| Untracked 
| 456|0x000000009c800000, 0x000000009c900000, 0x000000009c900000|100%| O|  |TAMS 0x000000009c800000, 0x000000009c800000| Untracked 
| 457|0x000000009c900000, 0x000000009ca00000, 0x000000009ca00000|100%| O|  |TAMS 0x000000009c900000, 0x000000009c900000| Untracked 
| 458|0x000000009ca00000, 0x000000009cb00000, 0x000000009cb00000|100%| O|  |TAMS 0x000000009ca00000, 0x000000009ca00000| Untracked 
| 459|0x000000009cb00000, 0x000000009cc00000, 0x000000009cc00000|100%| O|  |TAMS 0x000000009cb00000, 0x000000009cb00000| Untracked 
| 460|0x000000009cc00000, 0x000000009cd00000, 0x000000009cd00000|100%| O|  |TAMS 0x000000009cc00000, 0x000000009cc00000| Untracked 
| 461|0x000000009cd00000, 0x000000009ce00000, 0x000000009ce00000|100%| O|  |TAMS 0x000000009cd00000, 0x000000009cd00000| Untracked 
| 462|0x000000009ce00000, 0x000000009cf00000, 0x000000009cf00000|100%| O|  |TAMS 0x000000009ce00000, 0x000000009ce00000| Untracked 
| 463|0x000000009cf00000, 0x000000009d000000, 0x000000009d000000|100%| O|  |TAMS 0x000000009cf00000, 0x000000009cf00000| Untracked 
| 464|0x000000009d000000, 0x000000009d100000, 0x000000009d100000|100%| O|  |TAMS 0x000000009d000000, 0x000000009d000000| Untracked 
| 465|0x000000009d100000, 0x000000009d200000, 0x000000009d200000|100%| O|  |TAMS 0x000000009d100000, 0x000000009d100000| Untracked 
| 466|0x000000009d200000, 0x000000009d300000, 0x000000009d300000|100%| O|  |TAMS 0x000000009d200000, 0x000000009d200000| Untracked 
| 467|0x000000009d300000, 0x000000009d400000, 0x000000009d400000|100%| O|  |TAMS 0x000000009d300000, 0x000000009d300000| Untracked 
| 468|0x000000009d400000, 0x000000009d500000, 0x000000009d500000|100%| O|  |TAMS 0x000000009d400000, 0x000000009d400000| Untracked 
| 469|0x000000009d500000, 0x000000009d600000, 0x000000009d600000|100%| O|  |TAMS 0x000000009d500000, 0x000000009d500000| Untracked 
| 470|0x000000009d600000, 0x000000009d700000, 0x000000009d700000|100%| O|  |TAMS 0x000000009d600000, 0x000000009d600000| Untracked 
| 471|0x000000009d700000, 0x000000009d800000, 0x000000009d800000|100%| O|  |TAMS 0x000000009d700000, 0x000000009d700000| Untracked 
| 472|0x000000009d800000, 0x000000009d900000, 0x000000009d900000|100%| O|  |TAMS 0x000000009d800000, 0x000000009d800000| Untracked 
| 473|0x000000009d900000, 0x000000009da00000, 0x000000009da00000|100%| O|  |TAMS 0x000000009d900000, 0x000000009d900000| Untracked 
| 474|0x000000009da00000, 0x000000009db00000, 0x000000009db00000|100%| O|  |TAMS 0x000000009da00000, 0x000000009da00000| Untracked 
| 475|0x000000009db00000, 0x000000009dc00000, 0x000000009dc00000|100%| O|  |TAMS 0x000000009db00000, 0x000000009db00000| Untracked 
| 476|0x000000009dc00000, 0x000000009dd00000, 0x000000009dd00000|100%| O|  |TAMS 0x000000009dc00000, 0x000000009dc00000| Untracked 
| 477|0x000000009dd00000, 0x000000009de00000, 0x000000009de00000|100%| O|  |TAMS 0x000000009dd00000, 0x000000009dd00000| Untracked 
| 478|0x000000009de00000, 0x000000009df00000, 0x000000009df00000|100%| O|  |TAMS 0x000000009de00000, 0x000000009de00000| Untracked 
| 479|0x000000009df00000, 0x000000009e000000, 0x000000009e000000|100%| O|  |TAMS 0x000000009df00000, 0x000000009df00000| Untracked 
| 480|0x000000009e000000, 0x000000009e100000, 0x000000009e100000|100%| O|  |TAMS 0x000000009e000000, 0x000000009e000000| Untracked 
| 481|0x000000009e100000, 0x000000009e200000, 0x000000009e200000|100%| O|  |TAMS 0x000000009e100000, 0x000000009e100000| Untracked 
| 482|0x000000009e200000, 0x000000009e300000, 0x000000009e300000|100%| O|  |TAMS 0x000000009e200000, 0x000000009e200000| Untracked 
| 483|0x000000009e300000, 0x000000009e400000, 0x000000009e400000|100%| O|  |TAMS 0x000000009e300000, 0x000000009e300000| Untracked 
| 484|0x000000009e400000, 0x000000009e500000, 0x000000009e500000|100%| O|  |TAMS 0x000000009e400000, 0x000000009e400000| Untracked 
| 485|0x000000009e500000, 0x000000009e600000, 0x000000009e600000|100%| O|  |TAMS 0x000000009e500000, 0x000000009e500000| Untracked 
| 486|0x000000009e600000, 0x000000009e700000, 0x000000009e700000|100%| O|  |TAMS 0x000000009e600000, 0x000000009e600000| Untracked 
| 487|0x000000009e700000, 0x000000009e800000, 0x000000009e800000|100%| O|  |TAMS 0x000000009e700000, 0x000000009e700000| Untracked 
| 488|0x000000009e800000, 0x000000009e900000, 0x000000009e900000|100%| O|  |TAMS 0x000000009e800000, 0x000000009e800000| Untracked 
| 489|0x000000009e900000, 0x000000009ea00000, 0x000000009ea00000|100%| O|  |TAMS 0x000000009e900000, 0x000000009e900000| Untracked 
| 490|0x000000009ea00000, 0x000000009eb00000, 0x000000009eb00000|100%| O|  |TAMS 0x000000009ea00000, 0x000000009ea00000| Untracked 
| 491|0x000000009eb00000, 0x000000009ec00000, 0x000000009ec00000|100%| O|  |TAMS 0x000000009eb00000, 0x000000009eb00000| Untracked 
| 492|0x000000009ec00000, 0x000000009ed00000, 0x000000009ed00000|100%| O|  |TAMS 0x000000009ec00000, 0x000000009ec00000| Untracked 
| 493|0x000000009ed00000, 0x000000009ee00000, 0x000000009ee00000|100%| O|  |TAMS 0x000000009ed00000, 0x000000009ed00000| Untracked 
| 494|0x000000009ee00000, 0x000000009ef00000, 0x000000009ef00000|100%| O|  |TAMS 0x000000009ee00000, 0x000000009ee00000| Untracked 
| 495|0x000000009ef00000, 0x000000009f000000, 0x000000009f000000|100%| O|  |TAMS 0x000000009ef00000, 0x000000009ef00000| Untracked 
| 496|0x000000009f000000, 0x000000009f100000, 0x000000009f100000|100%| O|  |TAMS 0x000000009f000000, 0x000000009f000000| Untracked 
| 497|0x000000009f100000, 0x000000009f200000, 0x000000009f200000|100%| O|  |TAMS 0x000000009f100000, 0x000000009f100000| Untracked 
| 498|0x000000009f200000, 0x000000009f300000, 0x000000009f300000|100%| O|  |TAMS 0x000000009f200000, 0x000000009f200000| Untracked 
| 499|0x000000009f300000, 0x000000009f400000, 0x000000009f400000|100%| O|  |TAMS 0x000000009f300000, 0x000000009f300000| Untracked 
| 500|0x000000009f400000, 0x000000009f500000, 0x000000009f500000|100%| O|  |TAMS 0x000000009f400000, 0x000000009f400000| Untracked 
| 501|0x000000009f500000, 0x000000009f600000, 0x000000009f600000|100%| O|  |TAMS 0x000000009f500000, 0x000000009f500000| Untracked 
| 502|0x000000009f600000, 0x000000009f700000, 0x000000009f700000|100%| O|  |TAMS 0x000000009f600000, 0x000000009f600000| Untracked 
| 503|0x000000009f700000, 0x000000009f800000, 0x000000009f800000|100%| O|  |TAMS 0x000000009f700000, 0x000000009f700000| Untracked 
| 504|0x000000009f800000, 0x000000009f900000, 0x000000009f900000|100%| O|  |TAMS 0x000000009f800000, 0x000000009f800000| Untracked 
| 505|0x000000009f900000, 0x000000009fa00000, 0x000000009fa00000|100%| O|  |TAMS 0x000000009f900000, 0x000000009f900000| Untracked 
| 506|0x000000009fa00000, 0x000000009fb00000, 0x000000009fb00000|100%| O|  |TAMS 0x000000009fa00000, 0x000000009fa00000| Untracked 
| 507|0x000000009fb00000, 0x000000009fc00000, 0x000000009fc00000|100%| O|  |TAMS 0x000000009fb00000, 0x000000009fb00000| Untracked 
| 508|0x000000009fc00000, 0x000000009fd00000, 0x000000009fd00000|100%| O|  |TAMS 0x000000009fc00000, 0x000000009fc00000| Untracked 
| 509|0x000000009fd00000, 0x000000009fe00000, 0x000000009fe00000|100%| O|  |TAMS 0x000000009fd00000, 0x000000009fd00000| Untracked 
| 510|0x000000009fe00000, 0x000000009ff00000, 0x000000009ff00000|100%| O|  |TAMS 0x000000009fe00000, 0x000000009fe00000| Untracked 
| 511|0x000000009ff00000, 0x00000000a0000000, 0x00000000a0000000|100%| O|  |TAMS 0x000000009ff00000, 0x000000009ff00000| Untracked 
| 512|0x00000000a0000000, 0x00000000a0100000, 0x00000000a0100000|100%| O|  |TAMS 0x00000000a0000000, 0x00000000a0000000| Untracked 
| 513|0x00000000a0100000, 0x00000000a0200000, 0x00000000a0200000|100%| O|  |TAMS 0x00000000a0100000, 0x00000000a0100000| Untracked 
| 514|0x00000000a0200000, 0x00000000a0300000, 0x00000000a0300000|100%| O|  |TAMS 0x00000000a0200000, 0x00000000a0200000| Untracked 
| 515|0x00000000a0300000, 0x00000000a0400000, 0x00000000a0400000|100%| O|  |TAMS 0x00000000a0300000, 0x00000000a0300000| Untracked 
| 516|0x00000000a0400000, 0x00000000a0500000, 0x00000000a0500000|100%| O|  |TAMS 0x00000000a0400000, 0x00000000a0400000| Untracked 
| 517|0x00000000a0500000, 0x00000000a0600000, 0x00000000a0600000|100%| O|  |TAMS 0x00000000a0500000, 0x00000000a0500000| Untracked 
| 518|0x00000000a0600000, 0x00000000a0700000, 0x00000000a0700000|100%| O|  |TAMS 0x00000000a0600000, 0x00000000a0600000| Untracked 
| 519|0x00000000a0700000, 0x00000000a0800000, 0x00000000a0800000|100%| O|  |TAMS 0x00000000a0700000, 0x00000000a0700000| Untracked 
| 520|0x00000000a0800000, 0x00000000a0900000, 0x00000000a0900000|100%| O|  |TAMS 0x00000000a0800000, 0x00000000a0800000| Untracked 
| 521|0x00000000a0900000, 0x00000000a0a00000, 0x00000000a0a00000|100%| O|  |TAMS 0x00000000a0900000, 0x00000000a0900000| Untracked 
| 522|0x00000000a0a00000, 0x00000000a0b00000, 0x00000000a0b00000|100%| O|  |TAMS 0x00000000a0a00000, 0x00000000a0a00000| Untracked 
| 523|0x00000000a0b00000, 0x00000000a0c00000, 0x00000000a0c00000|100%| O|  |TAMS 0x00000000a0b00000, 0x00000000a0b00000| Untracked 
| 524|0x00000000a0c00000, 0x00000000a0d00000, 0x00000000a0d00000|100%| O|  |TAMS 0x00000000a0c00000, 0x00000000a0c00000| Untracked 
| 525|0x00000000a0d00000, 0x00000000a0e00000, 0x00000000a0e00000|100%| O|  |TAMS 0x00000000a0d00000, 0x00000000a0d00000| Untracked 
| 526|0x00000000a0e00000, 0x00000000a0f00000, 0x00000000a0f00000|100%| O|  |TAMS 0x00000000a0e00000, 0x00000000a0e00000| Untracked 
| 527|0x00000000a0f00000, 0x00000000a1000000, 0x00000000a1000000|100%| O|  |TAMS 0x00000000a0f00000, 0x00000000a0f00000| Untracked 
| 528|0x00000000a1000000, 0x00000000a1100000, 0x00000000a1100000|100%| O|  |TAMS 0x00000000a1000000, 0x00000000a1000000| Untracked 
| 529|0x00000000a1100000, 0x00000000a1200000, 0x00000000a1200000|100%| O|  |TAMS 0x00000000a1100000, 0x00000000a1100000| Untracked 
| 530|0x00000000a1200000, 0x00000000a1300000, 0x00000000a1300000|100%| O|  |TAMS 0x00000000a1200000, 0x00000000a1200000| Untracked 
| 531|0x00000000a1300000, 0x00000000a1400000, 0x00000000a1400000|100%| O|  |TAMS 0x00000000a1300000, 0x00000000a1300000| Untracked 
| 532|0x00000000a1400000, 0x00000000a1500000, 0x00000000a1500000|100%| O|  |TAMS 0x00000000a1400000, 0x00000000a1400000| Untracked 
| 533|0x00000000a1500000, 0x00000000a1600000, 0x00000000a1600000|100%| O|  |TAMS 0x00000000a1500000, 0x00000000a1500000| Untracked 
| 534|0x00000000a1600000, 0x00000000a1700000, 0x00000000a1700000|100%| O|  |TAMS 0x00000000a1600000, 0x00000000a1600000| Untracked 
| 535|0x00000000a1700000, 0x00000000a1800000, 0x00000000a1800000|100%| O|  |TAMS 0x00000000a1700000, 0x00000000a1700000| Untracked 
| 536|0x00000000a1800000, 0x00000000a1900000, 0x00000000a1900000|100%| O|  |TAMS 0x00000000a1800000, 0x00000000a1800000| Untracked 
| 537|0x00000000a1900000, 0x00000000a1a00000, 0x00000000a1a00000|100%| O|  |TAMS 0x00000000a1900000, 0x00000000a1900000| Untracked 
| 538|0x00000000a1a00000, 0x00000000a1b00000, 0x00000000a1b00000|100%| O|  |TAMS 0x00000000a1a00000, 0x00000000a1a00000| Untracked 
| 539|0x00000000a1b00000, 0x00000000a1c00000, 0x00000000a1c00000|100%| O|  |TAMS 0x00000000a1b00000, 0x00000000a1b00000| Untracked 
| 540|0x00000000a1c00000, 0x00000000a1d00000, 0x00000000a1d00000|100%| O|  |TAMS 0x00000000a1c00000, 0x00000000a1c00000| Untracked 
| 541|0x00000000a1d00000, 0x00000000a1e00000, 0x00000000a1e00000|100%| O|  |TAMS 0x00000000a1d00000, 0x00000000a1d00000| Untracked 
| 542|0x00000000a1e00000, 0x00000000a1f00000, 0x00000000a1f00000|100%| O|  |TAMS 0x00000000a1e00000, 0x00000000a1e00000| Untracked 
| 543|0x00000000a1f00000, 0x00000000a2000000, 0x00000000a2000000|100%| O|  |TAMS 0x00000000a1f00000, 0x00000000a1f00000| Untracked 
| 544|0x00000000a2000000, 0x00000000a2100000, 0x00000000a2100000|100%| O|  |TAMS 0x00000000a2000000, 0x00000000a2000000| Untracked 
| 545|0x00000000a2100000, 0x00000000a2200000, 0x00000000a2200000|100%| O|  |TAMS 0x00000000a2100000, 0x00000000a2100000| Untracked 
| 546|0x00000000a2200000, 0x00000000a2300000, 0x00000000a2300000|100%| O|  |TAMS 0x00000000a2200000, 0x00000000a2200000| Untracked 
| 547|0x00000000a2300000, 0x00000000a2400000, 0x00000000a2400000|100%| O|  |TAMS 0x00000000a2300000, 0x00000000a2300000| Untracked 
| 548|0x00000000a2400000, 0x00000000a2500000, 0x00000000a2500000|100%| O|  |TAMS 0x00000000a2400000, 0x00000000a2400000| Untracked 
| 549|0x00000000a2500000, 0x00000000a2600000, 0x00000000a2600000|100%| O|  |TAMS 0x00000000a2500000, 0x00000000a2500000| Untracked 
| 550|0x00000000a2600000, 0x00000000a2700000, 0x00000000a2700000|100%| O|  |TAMS 0x00000000a2600000, 0x00000000a2600000| Untracked 
| 551|0x00000000a2700000, 0x00000000a2800000, 0x00000000a2800000|100%| O|  |TAMS 0x00000000a2700000, 0x00000000a2700000| Untracked 
| 552|0x00000000a2800000, 0x00000000a2900000, 0x00000000a2900000|100%| O|  |TAMS 0x00000000a2800000, 0x00000000a2800000| Untracked 
| 553|0x00000000a2900000, 0x00000000a2a00000, 0x00000000a2a00000|100%| O|  |TAMS 0x00000000a2900000, 0x00000000a2900000| Untracked 
| 554|0x00000000a2a00000, 0x00000000a2b00000, 0x00000000a2b00000|100%| O|  |TAMS 0x00000000a2a00000, 0x00000000a2a00000| Untracked 
| 555|0x00000000a2b00000, 0x00000000a2c00000, 0x00000000a2c00000|100%| O|  |TAMS 0x00000000a2b00000, 0x00000000a2b00000| Untracked 
| 556|0x00000000a2c00000, 0x00000000a2d00000, 0x00000000a2d00000|100%| O|  |TAMS 0x00000000a2c00000, 0x00000000a2c00000| Untracked 
| 557|0x00000000a2d00000, 0x00000000a2e00000, 0x00000000a2e00000|100%| O|  |TAMS 0x00000000a2d00000, 0x00000000a2d00000| Untracked 
| 558|0x00000000a2e00000, 0x00000000a2f00000, 0x00000000a2f00000|100%| O|  |TAMS 0x00000000a2e00000, 0x00000000a2e00000| Untracked 
| 559|0x00000000a2f00000, 0x00000000a3000000, 0x00000000a3000000|100%| O|  |TAMS 0x00000000a2f00000, 0x00000000a2f00000| Untracked 
| 560|0x00000000a3000000, 0x00000000a3100000, 0x00000000a3100000|100%| O|  |TAMS 0x00000000a3000000, 0x00000000a3000000| Untracked 
| 561|0x00000000a3100000, 0x00000000a3200000, 0x00000000a3200000|100%| O|  |TAMS 0x00000000a3100000, 0x00000000a3100000| Untracked 
| 562|0x00000000a3200000, 0x00000000a3300000, 0x00000000a3300000|100%| O|  |TAMS 0x00000000a3300000, 0x00000000a3200000| Untracked 
| 563|0x00000000a3300000, 0x00000000a3400000, 0x00000000a3400000|100%| O|  |TAMS 0x00000000a3400000, 0x00000000a3300000| Untracked 
| 564|0x00000000a3400000, 0x00000000a3500000, 0x00000000a3500000|100%| O|  |TAMS 0x00000000a3500000, 0x00000000a3400000| Untracked 
| 565|0x00000000a3500000, 0x00000000a3600000, 0x00000000a3600000|100%| O|  |TAMS 0x00000000a3500000, 0x00000000a3500000| Untracked 
| 566|0x00000000a3600000, 0x00000000a3700000, 0x00000000a3700000|100%| O|  |TAMS 0x00000000a3600000, 0x00000000a3600000| Untracked 
| 567|0x00000000a3700000, 0x00000000a3800000, 0x00000000a3800000|100%| O|  |TAMS 0x00000000a3700000, 0x00000000a3700000| Untracked 
| 568|0x00000000a3800000, 0x00000000a3900000, 0x00000000a3900000|100%| O|  |TAMS 0x00000000a3800000, 0x00000000a3800000| Untracked 
| 569|0x00000000a3900000, 0x00000000a3a00000, 0x00000000a3a00000|100%| O|  |TAMS 0x00000000a3900000, 0x00000000a3900000| Untracked 
| 570|0x00000000a3a00000, 0x00000000a3b00000, 0x00000000a3b00000|100%| O|  |TAMS 0x00000000a3a00000, 0x00000000a3a00000| Untracked 
| 571|0x00000000a3b00000, 0x00000000a3c00000, 0x00000000a3c00000|100%| O|  |TAMS 0x00000000a3b00000, 0x00000000a3b00000| Untracked 
| 572|0x00000000a3c00000, 0x00000000a3d00000, 0x00000000a3d00000|100%| O|  |TAMS 0x00000000a3c00000, 0x00000000a3c00000| Untracked 
| 573|0x00000000a3d00000, 0x00000000a3e00000, 0x00000000a3e00000|100%| O|  |TAMS 0x00000000a3e00000, 0x00000000a3d00000| Untracked 
| 574|0x00000000a3e00000, 0x00000000a3f00000, 0x00000000a3f00000|100%| O|  |TAMS 0x00000000a3f00000, 0x00000000a3e00000| Untracked 
| 575|0x00000000a3f00000, 0x00000000a4000000, 0x00000000a4000000|100%| O|  |TAMS 0x00000000a3f00000, 0x00000000a3f00000| Untracked 
| 576|0x00000000a4000000, 0x00000000a4100000, 0x00000000a4100000|100%| O|  |TAMS 0x00000000a4100000, 0x00000000a4000000| Untracked 
| 577|0x00000000a4100000, 0x00000000a4200000, 0x00000000a4200000|100%| O|  |TAMS 0x00000000a4200000, 0x00000000a4100000| Untracked 
| 578|0x00000000a4200000, 0x00000000a4300000, 0x00000000a4300000|100%| O|  |TAMS 0x00000000a4200000, 0x00000000a4200000| Untracked 
| 579|0x00000000a4300000, 0x00000000a4400000, 0x00000000a4400000|100%| O|  |TAMS 0x00000000a4300000, 0x00000000a4300000| Untracked 
| 580|0x00000000a4400000, 0x00000000a4500000, 0x00000000a4500000|100%| O|  |TAMS 0x00000000a4400000, 0x00000000a4400000| Untracked 
| 581|0x00000000a4500000, 0x00000000a4600000, 0x00000000a4600000|100%| O|  |TAMS 0x00000000a4558600, 0x00000000a4500000| Untracked 
| 582|0x00000000a4600000, 0x00000000a4700000, 0x00000000a4700000|100%| O|  |TAMS 0x00000000a4600000, 0x00000000a4600000| Untracked 
| 583|0x00000000a4700000, 0x00000000a4800000, 0x00000000a4800000|100%| O|  |TAMS 0x00000000a4700000, 0x00000000a4700000| Untracked 
| 584|0x00000000a4800000, 0x00000000a4900000, 0x00000000a4900000|100%| O|  |TAMS 0x00000000a4800000, 0x00000000a4800000| Untracked 
| 585|0x00000000a4900000, 0x00000000a4a00000, 0x00000000a4a00000|100%| O|  |TAMS 0x00000000a4900000, 0x00000000a4900000| Untracked 
| 586|0x00000000a4a00000, 0x00000000a4b00000, 0x00000000a4b00000|100%| O|  |TAMS 0x00000000a4a00000, 0x00000000a4a00000| Untracked 
| 587|0x00000000a4b00000, 0x00000000a4c00000, 0x00000000a4c00000|100%| O|  |TAMS 0x00000000a4b00000, 0x00000000a4b00000| Untracked 
| 588|0x00000000a4c00000, 0x00000000a4d00000, 0x00000000a4d00000|100%| O|  |TAMS 0x00000000a4c00000, 0x00000000a4c00000| Untracked 
| 589|0x00000000a4d00000, 0x00000000a4e00000, 0x00000000a4e00000|100%| O|  |TAMS 0x00000000a4d00000, 0x00000000a4d00000| Untracked 
| 590|0x00000000a4e00000, 0x00000000a4f00000, 0x00000000a4f00000|100%| O|  |TAMS 0x00000000a4e00000, 0x00000000a4e00000| Untracked 
| 591|0x00000000a4f00000, 0x00000000a5000000, 0x00000000a5000000|100%| O|  |TAMS 0x00000000a4f00000, 0x00000000a4f00000| Untracked 
| 592|0x00000000a5000000, 0x00000000a5100000, 0x00000000a5100000|100%| O|  |TAMS 0x00000000a5000000, 0x00000000a5000000| Untracked 
| 593|0x00000000a5100000, 0x00000000a5200000, 0x00000000a5200000|100%| O|  |TAMS 0x00000000a5100000, 0x00000000a5100000| Untracked 
| 594|0x00000000a5200000, 0x00000000a5300000, 0x00000000a5300000|100%| O|  |TAMS 0x00000000a5200000, 0x00000000a5200000| Untracked 
| 595|0x00000000a5300000, 0x00000000a5400000, 0x00000000a5400000|100%| O|  |TAMS 0x00000000a5300000, 0x00000000a5300000| Untracked 
| 596|0x00000000a5400000, 0x00000000a5500000, 0x00000000a5500000|100%| O|  |TAMS 0x00000000a5400000, 0x00000000a5400000| Untracked 
| 597|0x00000000a5500000, 0x00000000a5600000, 0x00000000a5600000|100%| O|  |TAMS 0x00000000a5500000, 0x00000000a5500000| Untracked 
| 598|0x00000000a5600000, 0x00000000a5700000, 0x00000000a5700000|100%| O|  |TAMS 0x00000000a5600000, 0x00000000a5600000| Untracked 
| 599|0x00000000a5700000, 0x00000000a5800000, 0x00000000a5800000|100%| O|  |TAMS 0x00000000a5700000, 0x00000000a5700000| Untracked 
| 600|0x00000000a5800000, 0x00000000a5900000, 0x00000000a5900000|100%| O|  |TAMS 0x00000000a5800000, 0x00000000a5800000| Untracked 
| 601|0x00000000a5900000, 0x00000000a5a00000, 0x00000000a5a00000|100%| O|  |TAMS 0x00000000a5900000, 0x00000000a5900000| Untracked 
| 602|0x00000000a5a00000, 0x00000000a5b00000, 0x00000000a5b00000|100%| O|  |TAMS 0x00000000a5a00000, 0x00000000a5a00000| Untracked 
| 603|0x00000000a5b00000, 0x00000000a5c00000, 0x00000000a5c00000|100%| O|  |TAMS 0x00000000a5b00000, 0x00000000a5b00000| Untracked 
| 604|0x00000000a5c00000, 0x00000000a5d00000, 0x00000000a5d00000|100%| O|  |TAMS 0x00000000a5c00000, 0x00000000a5c00000| Untracked 
| 605|0x00000000a5d00000, 0x00000000a5e00000, 0x00000000a5e00000|100%| O|  |TAMS 0x00000000a5d00000, 0x00000000a5d00000| Untracked 
| 606|0x00000000a5e00000, 0x00000000a5f00000, 0x00000000a5f00000|100%| O|  |TAMS 0x00000000a5e00000, 0x00000000a5e00000| Untracked 
| 607|0x00000000a5f00000, 0x00000000a6000000, 0x00000000a6000000|100%| O|  |TAMS 0x00000000a5f00000, 0x00000000a5f00000| Untracked 
| 608|0x00000000a6000000, 0x00000000a6100000, 0x00000000a6100000|100%| O|  |TAMS 0x00000000a6000000, 0x00000000a6000000| Untracked 
| 609|0x00000000a6100000, 0x00000000a6200000, 0x00000000a6200000|100%| O|  |TAMS 0x00000000a6100000, 0x00000000a6100000| Untracked 
| 610|0x00000000a6200000, 0x00000000a6300000, 0x00000000a6300000|100%| O|  |TAMS 0x00000000a6200000, 0x00000000a6200000| Untracked 
| 611|0x00000000a6300000, 0x00000000a6400000, 0x00000000a6400000|100%| O|  |TAMS 0x00000000a6300000, 0x00000000a6300000| Untracked 
| 612|0x00000000a6400000, 0x00000000a6500000, 0x00000000a6500000|100%| O|  |TAMS 0x00000000a6400000, 0x00000000a6400000| Untracked 
| 613|0x00000000a6500000, 0x00000000a6600000, 0x00000000a6600000|100%| O|  |TAMS 0x00000000a6500000, 0x00000000a6500000| Untracked 
| 614|0x00000000a6600000, 0x00000000a6700000, 0x00000000a6700000|100%| O|  |TAMS 0x00000000a6600000, 0x00000000a6600000| Untracked 
| 615|0x00000000a6700000, 0x00000000a6800000, 0x00000000a6800000|100%| O|  |TAMS 0x00000000a6700000, 0x00000000a6700000| Untracked 
| 616|0x00000000a6800000, 0x00000000a6900000, 0x00000000a6900000|100%| O|  |TAMS 0x00000000a6800000, 0x00000000a6800000| Untracked 
| 617|0x00000000a6900000, 0x00000000a6a00000, 0x00000000a6a00000|100%| O|  |TAMS 0x00000000a6900000, 0x00000000a6900000| Untracked 
| 618|0x00000000a6a00000, 0x00000000a6b00000, 0x00000000a6b00000|100%| O|  |TAMS 0x00000000a6a00000, 0x00000000a6a00000| Untracked 
| 619|0x00000000a6b00000, 0x00000000a6c00000, 0x00000000a6c00000|100%| O|  |TAMS 0x00000000a6b00000, 0x00000000a6b00000| Untracked 
| 620|0x00000000a6c00000, 0x00000000a6d00000, 0x00000000a6d00000|100%| O|  |TAMS 0x00000000a6c00000, 0x00000000a6c00000| Untracked 
| 621|0x00000000a6d00000, 0x00000000a6e00000, 0x00000000a6e00000|100%| O|  |TAMS 0x00000000a6d00000, 0x00000000a6d00000| Untracked 
| 622|0x00000000a6e00000, 0x00000000a6f00000, 0x00000000a6f00000|100%| O|  |TAMS 0x00000000a6e00000, 0x00000000a6e00000| Untracked 
| 623|0x00000000a6f00000, 0x00000000a7000000, 0x00000000a7000000|100%| O|  |TAMS 0x00000000a6f00000, 0x00000000a6f00000| Untracked 
| 624|0x00000000a7000000, 0x00000000a7100000, 0x00000000a7100000|100%| O|  |TAMS 0x00000000a7000000, 0x00000000a7000000| Untracked 
| 625|0x00000000a7100000, 0x00000000a7200000, 0x00000000a7200000|100%| O|  |TAMS 0x00000000a7100000, 0x00000000a7100000| Untracked 
| 626|0x00000000a7200000, 0x00000000a7300000, 0x00000000a7300000|100%| O|  |TAMS 0x00000000a7200000, 0x00000000a7200000| Untracked 
| 627|0x00000000a7300000, 0x00000000a7400000, 0x00000000a7400000|100%| O|  |TAMS 0x00000000a7300000, 0x00000000a7300000| Untracked 
| 628|0x00000000a7400000, 0x00000000a7500000, 0x00000000a7500000|100%| O|  |TAMS 0x00000000a7400000, 0x00000000a7400000| Untracked 
| 629|0x00000000a7500000, 0x00000000a7600000, 0x00000000a7600000|100%| O|  |TAMS 0x00000000a7500000, 0x00000000a7500000| Untracked 
| 630|0x00000000a7600000, 0x00000000a7700000, 0x00000000a7700000|100%| O|  |TAMS 0x00000000a7600000, 0x00000000a7600000| Untracked 
| 631|0x00000000a7700000, 0x00000000a7800000, 0x00000000a7800000|100%| O|  |TAMS 0x00000000a7700000, 0x00000000a7700000| Untracked 
| 632|0x00000000a7800000, 0x00000000a7900000, 0x00000000a7900000|100%| O|  |TAMS 0x00000000a7800000, 0x00000000a7800000| Untracked 
| 633|0x00000000a7900000, 0x00000000a7a00000, 0x00000000a7a00000|100%| O|  |TAMS 0x00000000a7900000, 0x00000000a7900000| Untracked 
| 634|0x00000000a7a00000, 0x00000000a7b00000, 0x00000000a7b00000|100%| O|  |TAMS 0x00000000a7a00000, 0x00000000a7a00000| Untracked 
| 635|0x00000000a7b00000, 0x00000000a7c00000, 0x00000000a7c00000|100%| O|  |TAMS 0x00000000a7b00000, 0x00000000a7b00000| Untracked 
| 636|0x00000000a7c00000, 0x00000000a7d00000, 0x00000000a7d00000|100%| O|  |TAMS 0x00000000a7c00000, 0x00000000a7c00000| Untracked 
| 637|0x00000000a7d00000, 0x00000000a7e00000, 0x00000000a7e00000|100%| O|  |TAMS 0x00000000a7d00000, 0x00000000a7d00000| Untracked 
| 638|0x00000000a7e00000, 0x00000000a7f00000, 0x00000000a7f00000|100%| O|  |TAMS 0x00000000a7e00000, 0x00000000a7e00000| Untracked 
| 639|0x00000000a7f00000, 0x00000000a8000000, 0x00000000a8000000|100%| O|  |TAMS 0x00000000a7f00000, 0x00000000a7f00000| Untracked 
| 640|0x00000000a8000000, 0x00000000a8100000, 0x00000000a8100000|100%| O|  |TAMS 0x00000000a8000000, 0x00000000a8000000| Untracked 
| 641|0x00000000a8100000, 0x00000000a8200000, 0x00000000a8200000|100%| O|  |TAMS 0x00000000a8100000, 0x00000000a8100000| Untracked 
| 642|0x00000000a8200000, 0x00000000a8300000, 0x00000000a8300000|100%| O|  |TAMS 0x00000000a8200000, 0x00000000a8200000| Untracked 
| 643|0x00000000a8300000, 0x00000000a8400000, 0x00000000a8400000|100%| O|  |TAMS 0x00000000a8300000, 0x00000000a8300000| Untracked 
| 644|0x00000000a8400000, 0x00000000a8500000, 0x00000000a8500000|100%| O|  |TAMS 0x00000000a8400000, 0x00000000a8400000| Untracked 
| 645|0x00000000a8500000, 0x00000000a8600000, 0x00000000a8600000|100%| O|  |TAMS 0x00000000a8500000, 0x00000000a8500000| Untracked 
| 646|0x00000000a8600000, 0x00000000a8700000, 0x00000000a8700000|100%| O|  |TAMS 0x00000000a8600000, 0x00000000a8600000| Untracked 
| 647|0x00000000a8700000, 0x00000000a8800000, 0x00000000a8800000|100%| O|  |TAMS 0x00000000a8700000, 0x00000000a8700000| Untracked 
| 648|0x00000000a8800000, 0x00000000a8900000, 0x00000000a8900000|100%| O|  |TAMS 0x00000000a8800000, 0x00000000a8800000| Untracked 
| 649|0x00000000a8900000, 0x00000000a8a00000, 0x00000000a8a00000|100%| O|  |TAMS 0x00000000a8900000, 0x00000000a8900000| Untracked 
| 650|0x00000000a8a00000, 0x00000000a8b00000, 0x00000000a8b00000|100%| O|  |TAMS 0x00000000a8a00000, 0x00000000a8a00000| Untracked 
| 651|0x00000000a8b00000, 0x00000000a8c00000, 0x00000000a8c00000|100%| O|  |TAMS 0x00000000a8b00000, 0x00000000a8b00000| Untracked 
| 652|0x00000000a8c00000, 0x00000000a8d00000, 0x00000000a8d00000|100%| O|  |TAMS 0x00000000a8c00000, 0x00000000a8c00000| Untracked 
| 653|0x00000000a8d00000, 0x00000000a8e00000, 0x00000000a8e00000|100%| O|  |TAMS 0x00000000a8d00000, 0x00000000a8d00000| Untracked 
| 654|0x00000000a8e00000, 0x00000000a8f00000, 0x00000000a8f00000|100%| O|  |TAMS 0x00000000a8e00000, 0x00000000a8e00000| Untracked 
| 655|0x00000000a8f00000, 0x00000000a9000000, 0x00000000a9000000|100%| O|  |TAMS 0x00000000a8f00000, 0x00000000a8f00000| Untracked 
| 656|0x00000000a9000000, 0x00000000a9100000, 0x00000000a9100000|100%| O|  |TAMS 0x00000000a9000000, 0x00000000a9000000| Untracked 
| 657|0x00000000a9100000, 0x00000000a9200000, 0x00000000a9200000|100%| O|  |TAMS 0x00000000a9100000, 0x00000000a9100000| Untracked 
| 658|0x00000000a9200000, 0x00000000a9300000, 0x00000000a9300000|100%| O|  |TAMS 0x00000000a9200000, 0x00000000a9200000| Untracked 
| 659|0x00000000a9300000, 0x00000000a9400000, 0x00000000a9400000|100%| O|  |TAMS 0x00000000a9300000, 0x00000000a9300000| Untracked 
| 660|0x00000000a9400000, 0x00000000a9500000, 0x00000000a9500000|100%| O|  |TAMS 0x00000000a9400000, 0x00000000a9400000| Untracked 
| 661|0x00000000a9500000, 0x00000000a9600000, 0x00000000a9600000|100%| O|  |TAMS 0x00000000a9500000, 0x00000000a9500000| Untracked 
| 662|0x00000000a9600000, 0x00000000a9700000, 0x00000000a9700000|100%| O|  |TAMS 0x00000000a9600000, 0x00000000a9600000| Untracked 
| 663|0x00000000a9700000, 0x00000000a9800000, 0x00000000a9800000|100%| O|  |TAMS 0x00000000a9700000, 0x00000000a9700000| Untracked 
| 664|0x00000000a9800000, 0x00000000a9900000, 0x00000000a9900000|100%| O|  |TAMS 0x00000000a9800000, 0x00000000a9800000| Untracked 
| 665|0x00000000a9900000, 0x00000000a9a00000, 0x00000000a9a00000|100%| O|  |TAMS 0x00000000a9900000, 0x00000000a9900000| Untracked 
| 666|0x00000000a9a00000, 0x00000000a9b00000, 0x00000000a9b00000|100%| O|  |TAMS 0x00000000a9a00000, 0x00000000a9a00000| Untracked 
| 667|0x00000000a9b00000, 0x00000000a9c00000, 0x00000000a9c00000|100%| O|  |TAMS 0x00000000a9b00000, 0x00000000a9b00000| Untracked 
| 668|0x00000000a9c00000, 0x00000000a9d00000, 0x00000000a9d00000|100%| O|  |TAMS 0x00000000a9c00000, 0x00000000a9c00000| Untracked 
| 669|0x00000000a9d00000, 0x00000000a9e00000, 0x00000000a9e00000|100%| O|  |TAMS 0x00000000a9d00000, 0x00000000a9d00000| Untracked 
| 670|0x00000000a9e00000, 0x00000000a9f00000, 0x00000000a9f00000|100%| O|  |TAMS 0x00000000a9e00000, 0x00000000a9e00000| Untracked 
| 671|0x00000000a9f00000, 0x00000000aa000000, 0x00000000aa000000|100%| O|  |TAMS 0x00000000a9f00000, 0x00000000a9f00000| Untracked 
| 672|0x00000000aa000000, 0x00000000aa100000, 0x00000000aa100000|100%| O|  |TAMS 0x00000000aa000000, 0x00000000aa000000| Untracked 
| 673|0x00000000aa100000, 0x00000000aa200000, 0x00000000aa200000|100%| O|  |TAMS 0x00000000aa100000, 0x00000000aa100000| Untracked 
| 674|0x00000000aa200000, 0x00000000aa300000, 0x00000000aa300000|100%| O|  |TAMS 0x00000000aa200000, 0x00000000aa200000| Untracked 
| 675|0x00000000aa300000, 0x00000000aa400000, 0x00000000aa400000|100%| O|  |TAMS 0x00000000aa300000, 0x00000000aa300000| Untracked 
| 676|0x00000000aa400000, 0x00000000aa500000, 0x00000000aa500000|100%| O|  |TAMS 0x00000000aa400000, 0x00000000aa400000| Untracked 
| 677|0x00000000aa500000, 0x00000000aa600000, 0x00000000aa600000|100%| O|  |TAMS 0x00000000aa500000, 0x00000000aa500000| Untracked 
| 678|0x00000000aa600000, 0x00000000aa700000, 0x00000000aa700000|100%| O|  |TAMS 0x00000000aa600000, 0x00000000aa600000| Untracked 
| 679|0x00000000aa700000, 0x00000000aa800000, 0x00000000aa800000|100%| O|  |TAMS 0x00000000aa700000, 0x00000000aa700000| Untracked 
| 680|0x00000000aa800000, 0x00000000aa900000, 0x00000000aa900000|100%| O|  |TAMS 0x00000000aa800000, 0x00000000aa800000| Untracked 
| 681|0x00000000aa900000, 0x00000000aaa00000, 0x00000000aaa00000|100%| O|  |TAMS 0x00000000aa900000, 0x00000000aa900000| Untracked 
| 682|0x00000000aaa00000, 0x00000000aab00000, 0x00000000aab00000|100%| O|  |TAMS 0x00000000aaa00000, 0x00000000aaa00000| Untracked 
| 683|0x00000000aab00000, 0x00000000aac00000, 0x00000000aac00000|100%| O|  |TAMS 0x00000000aab00000, 0x00000000aab00000| Untracked 
| 684|0x00000000aac00000, 0x00000000aad00000, 0x00000000aad00000|100%| O|  |TAMS 0x00000000aac00000, 0x00000000aac00000| Untracked 
| 685|0x00000000aad00000, 0x00000000aae00000, 0x00000000aae00000|100%| O|  |TAMS 0x00000000aad00000, 0x00000000aad00000| Untracked 
| 686|0x00000000aae00000, 0x00000000aaf00000, 0x00000000aaf00000|100%| O|  |TAMS 0x00000000aae00000, 0x00000000aae00000| Untracked 
| 687|0x00000000aaf00000, 0x00000000ab000000, 0x00000000ab000000|100%| O|  |TAMS 0x00000000aaf00000, 0x00000000aaf00000| Untracked 
| 688|0x00000000ab000000, 0x00000000ab100000, 0x00000000ab100000|100%| O|  |TAMS 0x00000000ab000000, 0x00000000ab000000| Untracked 
| 689|0x00000000ab100000, 0x00000000ab200000, 0x00000000ab200000|100%| O|  |TAMS 0x00000000ab100000, 0x00000000ab100000| Untracked 
| 690|0x00000000ab200000, 0x00000000ab300000, 0x00000000ab300000|100%| O|  |TAMS 0x00000000ab200000, 0x00000000ab200000| Untracked 
| 691|0x00000000ab300000, 0x00000000ab400000, 0x00000000ab400000|100%| O|  |TAMS 0x00000000ab300000, 0x00000000ab300000| Untracked 
| 692|0x00000000ab400000, 0x00000000ab500000, 0x00000000ab500000|100%| O|  |TAMS 0x00000000ab400000, 0x00000000ab400000| Untracked 
| 693|0x00000000ab500000, 0x00000000ab600000, 0x00000000ab600000|100%| O|  |TAMS 0x00000000ab500000, 0x00000000ab500000| Untracked 
| 694|0x00000000ab600000, 0x00000000ab700000, 0x00000000ab700000|100%| O|  |TAMS 0x00000000ab600000, 0x00000000ab600000| Untracked 
| 695|0x00000000ab700000, 0x00000000ab800000, 0x00000000ab800000|100%| O|  |TAMS 0x00000000ab700000, 0x00000000ab700000| Untracked 
| 696|0x00000000ab800000, 0x00000000ab900000, 0x00000000ab900000|100%| O|  |TAMS 0x00000000ab800000, 0x00000000ab800000| Untracked 
| 697|0x00000000ab900000, 0x00000000aba00000, 0x00000000aba00000|100%| O|  |TAMS 0x00000000ab900000, 0x00000000ab900000| Untracked 
| 698|0x00000000aba00000, 0x00000000abb00000, 0x00000000abb00000|100%| O|  |TAMS 0x00000000aba00000, 0x00000000aba00000| Untracked 
| 699|0x00000000abb00000, 0x00000000abc00000, 0x00000000abc00000|100%| O|  |TAMS 0x00000000abb00000, 0x00000000abb00000| Untracked 
| 700|0x00000000abc00000, 0x00000000abd00000, 0x00000000abd00000|100%| O|  |TAMS 0x00000000abc00000, 0x00000000abc00000| Untracked 
| 701|0x00000000abd00000, 0x00000000abe00000, 0x00000000abe00000|100%| O|  |TAMS 0x00000000abd00000, 0x00000000abd00000| Untracked 
| 702|0x00000000abe00000, 0x00000000abf00000, 0x00000000abf00000|100%| O|  |TAMS 0x00000000abe00000, 0x00000000abe00000| Untracked 
| 703|0x00000000abf00000, 0x00000000ac000000, 0x00000000ac000000|100%| O|  |TAMS 0x00000000abf00000, 0x00000000abf00000| Untracked 
| 704|0x00000000ac000000, 0x00000000ac100000, 0x00000000ac100000|100%| O|  |TAMS 0x00000000ac000000, 0x00000000ac000000| Untracked 
| 705|0x00000000ac100000, 0x00000000ac200000, 0x00000000ac200000|100%| O|  |TAMS 0x00000000ac100000, 0x00000000ac100000| Untracked 
| 706|0x00000000ac200000, 0x00000000ac300000, 0x00000000ac300000|100%| O|  |TAMS 0x00000000ac200000, 0x00000000ac200000| Untracked 
| 707|0x00000000ac300000, 0x00000000ac400000, 0x00000000ac400000|100%| O|  |TAMS 0x00000000ac300000, 0x00000000ac300000| Untracked 
| 708|0x00000000ac400000, 0x00000000ac500000, 0x00000000ac500000|100%| O|  |TAMS 0x00000000ac400000, 0x00000000ac400000| Untracked 
| 709|0x00000000ac500000, 0x00000000ac600000, 0x00000000ac600000|100%| O|  |TAMS 0x00000000ac500000, 0x00000000ac500000| Untracked 
| 710|0x00000000ac600000, 0x00000000ac700000, 0x00000000ac700000|100%| O|  |TAMS 0x00000000ac600000, 0x00000000ac600000| Untracked 
| 711|0x00000000ac700000, 0x00000000ac800000, 0x00000000ac800000|100%| O|  |TAMS 0x00000000ac700000, 0x00000000ac700000| Untracked 
| 712|0x00000000ac800000, 0x00000000ac900000, 0x00000000ac900000|100%| O|  |TAMS 0x00000000ac800000, 0x00000000ac800000| Untracked 
| 713|0x00000000ac900000, 0x00000000aca00000, 0x00000000aca00000|100%| O|  |TAMS 0x00000000ac900000, 0x00000000ac900000| Untracked 
| 714|0x00000000aca00000, 0x00000000acb00000, 0x00000000acb00000|100%| O|  |TAMS 0x00000000aca00000, 0x00000000aca00000| Untracked 
| 715|0x00000000acb00000, 0x00000000acc00000, 0x00000000acc00000|100%| O|  |TAMS 0x00000000acb00000, 0x00000000acb00000| Untracked 
| 716|0x00000000acc00000, 0x00000000acd00000, 0x00000000acd00000|100%| O|  |TAMS 0x00000000acc00000, 0x00000000acc00000| Untracked 
| 717|0x00000000acd00000, 0x00000000ace00000, 0x00000000ace00000|100%| O|  |TAMS 0x00000000acd00000, 0x00000000acd00000| Untracked 
| 718|0x00000000ace00000, 0x00000000acf00000, 0x00000000acf00000|100%| O|  |TAMS 0x00000000ace00000, 0x00000000ace00000| Untracked 
| 719|0x00000000acf00000, 0x00000000ad000000, 0x00000000ad000000|100%| O|  |TAMS 0x00000000acf00000, 0x00000000acf00000| Untracked 
| 720|0x00000000ad000000, 0x00000000ad100000, 0x00000000ad100000|100%| O|  |TAMS 0x00000000ad000000, 0x00000000ad000000| Untracked 
| 721|0x00000000ad100000, 0x00000000ad200000, 0x00000000ad200000|100%| O|  |TAMS 0x00000000ad100000, 0x00000000ad100000| Untracked 
| 722|0x00000000ad200000, 0x00000000ad300000, 0x00000000ad300000|100%| O|  |TAMS 0x00000000ad200000, 0x00000000ad200000| Untracked 
| 723|0x00000000ad300000, 0x00000000ad400000, 0x00000000ad400000|100%| O|  |TAMS 0x00000000ad300000, 0x00000000ad300000| Untracked 
| 724|0x00000000ad400000, 0x00000000ad500000, 0x00000000ad500000|100%| O|  |TAMS 0x00000000ad400000, 0x00000000ad400000| Untracked 
| 725|0x00000000ad500000, 0x00000000ad600000, 0x00000000ad600000|100%| O|  |TAMS 0x00000000ad500000, 0x00000000ad500000| Untracked 
| 726|0x00000000ad600000, 0x00000000ad700000, 0x00000000ad700000|100%| O|  |TAMS 0x00000000ad600000, 0x00000000ad600000| Untracked 
| 727|0x00000000ad700000, 0x00000000ad800000, 0x00000000ad800000|100%| O|  |TAMS 0x00000000ad700000, 0x00000000ad700000| Untracked 
| 728|0x00000000ad800000, 0x00000000ad900000, 0x00000000ad900000|100%| O|  |TAMS 0x00000000ad800000, 0x00000000ad800000| Untracked 
| 729|0x00000000ad900000, 0x00000000ada00000, 0x00000000ada00000|100%| O|  |TAMS 0x00000000ad900000, 0x00000000ad900000| Untracked 
| 730|0x00000000ada00000, 0x00000000adb00000, 0x00000000adb00000|100%| O|  |TAMS 0x00000000ada00000, 0x00000000ada00000| Untracked 
| 731|0x00000000adb00000, 0x00000000adc00000, 0x00000000adc00000|100%| O|  |TAMS 0x00000000adb00000, 0x00000000adb00000| Untracked 
| 732|0x00000000adc00000, 0x00000000add00000, 0x00000000add00000|100%| O|  |TAMS 0x00000000adc00000, 0x00000000adc00000| Untracked 
| 733|0x00000000add00000, 0x00000000ade00000, 0x00000000ade00000|100%| O|  |TAMS 0x00000000add00000, 0x00000000add00000| Untracked 
| 734|0x00000000ade00000, 0x00000000adf00000, 0x00000000adf00000|100%| O|  |TAMS 0x00000000ade00000, 0x00000000ade00000| Untracked 
| 735|0x00000000adf00000, 0x00000000ae000000, 0x00000000ae000000|100%| O|  |TAMS 0x00000000adf00000, 0x00000000adf00000| Untracked 
| 736|0x00000000ae000000, 0x00000000ae100000, 0x00000000ae100000|100%| O|  |TAMS 0x00000000ae000000, 0x00000000ae000000| Untracked 
| 737|0x00000000ae100000, 0x00000000ae200000, 0x00000000ae200000|100%| O|  |TAMS 0x00000000ae100000, 0x00000000ae100000| Untracked 
| 738|0x00000000ae200000, 0x00000000ae300000, 0x00000000ae300000|100%| O|  |TAMS 0x00000000ae200000, 0x00000000ae200000| Untracked 
| 739|0x00000000ae300000, 0x00000000ae400000, 0x00000000ae400000|100%| O|  |TAMS 0x00000000ae300000, 0x00000000ae300000| Untracked 
| 740|0x00000000ae400000, 0x00000000ae500000, 0x00000000ae500000|100%| O|  |TAMS 0x00000000ae400000, 0x00000000ae400000| Untracked 
| 741|0x00000000ae500000, 0x00000000ae600000, 0x00000000ae600000|100%| O|  |TAMS 0x00000000ae500000, 0x00000000ae500000| Untracked 
| 742|0x00000000ae600000, 0x00000000ae700000, 0x00000000ae700000|100%| O|  |TAMS 0x00000000ae600000, 0x00000000ae600000| Untracked 
| 743|0x00000000ae700000, 0x00000000ae800000, 0x00000000ae800000|100%| O|  |TAMS 0x00000000ae700000, 0x00000000ae700000| Untracked 
| 744|0x00000000ae800000, 0x00000000ae900000, 0x00000000ae900000|100%| O|  |TAMS 0x00000000ae800000, 0x00000000ae800000| Untracked 
| 745|0x00000000ae900000, 0x00000000aea00000, 0x00000000aea00000|100%| O|  |TAMS 0x00000000ae900000, 0x00000000ae900000| Untracked 
| 746|0x00000000aea00000, 0x00000000aeb00000, 0x00000000aeb00000|100%| O|  |TAMS 0x00000000aea00000, 0x00000000aea00000| Untracked 
| 747|0x00000000aeb00000, 0x00000000aec00000, 0x00000000aec00000|100%| O|  |TAMS 0x00000000aeb00000, 0x00000000aeb00000| Untracked 
| 748|0x00000000aec00000, 0x00000000aed00000, 0x00000000aed00000|100%| O|  |TAMS 0x00000000aec00000, 0x00000000aec00000| Untracked 
| 749|0x00000000aed00000, 0x00000000aee00000, 0x00000000aee00000|100%| O|  |TAMS 0x00000000aed00000, 0x00000000aed00000| Untracked 
| 750|0x00000000aee00000, 0x00000000aef00000, 0x00000000aef00000|100%| O|  |TAMS 0x00000000aee00000, 0x00000000aee00000| Untracked 
| 751|0x00000000aef00000, 0x00000000af000000, 0x00000000af000000|100%| O|  |TAMS 0x00000000aef00000, 0x00000000aef00000| Untracked 
| 752|0x00000000af000000, 0x00000000af100000, 0x00000000af100000|100%| O|  |TAMS 0x00000000af000000, 0x00000000af000000| Untracked 
| 753|0x00000000af100000, 0x00000000af200000, 0x00000000af200000|100%| O|  |TAMS 0x00000000af100000, 0x00000000af100000| Untracked 
| 754|0x00000000af200000, 0x00000000af300000, 0x00000000af300000|100%| O|  |TAMS 0x00000000af200000, 0x00000000af200000| Untracked 
| 755|0x00000000af300000, 0x00000000af400000, 0x00000000af400000|100%| O|  |TAMS 0x00000000af300000, 0x00000000af300000| Untracked 
| 756|0x00000000af400000, 0x00000000af500000, 0x00000000af500000|100%| O|  |TAMS 0x00000000af400000, 0x00000000af400000| Untracked 
| 757|0x00000000af500000, 0x00000000af600000, 0x00000000af600000|100%| O|  |TAMS 0x00000000af500000, 0x00000000af500000| Untracked 
| 758|0x00000000af600000, 0x00000000af700000, 0x00000000af700000|100%| O|  |TAMS 0x00000000af600000, 0x00000000af600000| Untracked 
| 759|0x00000000af700000, 0x00000000af800000, 0x00000000af800000|100%| O|  |TAMS 0x00000000af700000, 0x00000000af700000| Untracked 
| 760|0x00000000af800000, 0x00000000af900000, 0x00000000af900000|100%| O|  |TAMS 0x00000000af800000, 0x00000000af800000| Untracked 
| 761|0x00000000af900000, 0x00000000afa00000, 0x00000000afa00000|100%| O|  |TAMS 0x00000000af900000, 0x00000000af900000| Untracked 
| 762|0x00000000afa00000, 0x00000000afb00000, 0x00000000afb00000|100%| O|  |TAMS 0x00000000afa00000, 0x00000000afa00000| Untracked 
| 763|0x00000000afb00000, 0x00000000afc00000, 0x00000000afc00000|100%| O|  |TAMS 0x00000000afb00000, 0x00000000afb00000| Untracked 
| 764|0x00000000afc00000, 0x00000000afd00000, 0x00000000afd00000|100%| O|  |TAMS 0x00000000afc00000, 0x00000000afc00000| Untracked 
| 765|0x00000000afd00000, 0x00000000afe00000, 0x00000000afe00000|100%| O|  |TAMS 0x00000000afd00000, 0x00000000afd00000| Untracked 
| 766|0x00000000afe00000, 0x00000000aff00000, 0x00000000aff00000|100%| O|  |TAMS 0x00000000afe00000, 0x00000000afe00000| Untracked 
| 767|0x00000000aff00000, 0x00000000b0000000, 0x00000000b0000000|100%| O|  |TAMS 0x00000000aff00000, 0x00000000aff00000| Untracked 
| 768|0x00000000b0000000, 0x00000000b0100000, 0x00000000b0100000|100%| O|  |TAMS 0x00000000b0000000, 0x00000000b0000000| Untracked 
| 769|0x00000000b0100000, 0x00000000b0200000, 0x00000000b0200000|100%| O|  |TAMS 0x00000000b0100000, 0x00000000b0100000| Untracked 
| 770|0x00000000b0200000, 0x00000000b0300000, 0x00000000b0300000|100%| O|  |TAMS 0x00000000b0200000, 0x00000000b0200000| Untracked 
| 771|0x00000000b0300000, 0x00000000b0400000, 0x00000000b0400000|100%| O|  |TAMS 0x00000000b0300000, 0x00000000b0300000| Untracked 
| 772|0x00000000b0400000, 0x00000000b0500000, 0x00000000b0500000|100%| O|  |TAMS 0x00000000b0400000, 0x00000000b0400000| Untracked 
| 773|0x00000000b0500000, 0x00000000b0600000, 0x00000000b0600000|100%| O|  |TAMS 0x00000000b0500000, 0x00000000b0500000| Untracked 
| 774|0x00000000b0600000, 0x00000000b0700000, 0x00000000b0700000|100%| O|  |TAMS 0x00000000b0600000, 0x00000000b0600000| Untracked 
| 775|0x00000000b0700000, 0x00000000b0800000, 0x00000000b0800000|100%| O|  |TAMS 0x00000000b0700000, 0x00000000b0700000| Untracked 
| 776|0x00000000b0800000, 0x00000000b0900000, 0x00000000b0900000|100%| O|  |TAMS 0x00000000b0800000, 0x00000000b0800000| Untracked 
| 777|0x00000000b0900000, 0x00000000b0a00000, 0x00000000b0a00000|100%| O|  |TAMS 0x00000000b0900000, 0x00000000b0900000| Untracked 
| 778|0x00000000b0a00000, 0x00000000b0b00000, 0x00000000b0b00000|100%| O|  |TAMS 0x00000000b0a00000, 0x00000000b0a00000| Untracked 
| 779|0x00000000b0b00000, 0x00000000b0c00000, 0x00000000b0c00000|100%| O|  |TAMS 0x00000000b0b00000, 0x00000000b0b00000| Untracked 
| 780|0x00000000b0c00000, 0x00000000b0d00000, 0x00000000b0d00000|100%| O|  |TAMS 0x00000000b0c00000, 0x00000000b0c00000| Untracked 
| 781|0x00000000b0d00000, 0x00000000b0e00000, 0x00000000b0e00000|100%| O|  |TAMS 0x00000000b0d00000, 0x00000000b0d00000| Untracked 
| 782|0x00000000b0e00000, 0x00000000b0f00000, 0x00000000b0f00000|100%| O|  |TAMS 0x00000000b0e00000, 0x00000000b0e00000| Untracked 
| 783|0x00000000b0f00000, 0x00000000b1000000, 0x00000000b1000000|100%| O|  |TAMS 0x00000000b0f00000, 0x00000000b0f00000| Untracked 
| 784|0x00000000b1000000, 0x00000000b1100000, 0x00000000b1100000|100%| O|  |TAMS 0x00000000b1000000, 0x00000000b1000000| Untracked 
| 785|0x00000000b1100000, 0x00000000b1200000, 0x00000000b1200000|100%| O|  |TAMS 0x00000000b1100000, 0x00000000b1100000| Untracked 
| 786|0x00000000b1200000, 0x00000000b1300000, 0x00000000b1300000|100%| O|  |TAMS 0x00000000b1200000, 0x00000000b1200000| Untracked 
| 787|0x00000000b1300000, 0x00000000b1400000, 0x00000000b1400000|100%| O|  |TAMS 0x00000000b1300000, 0x00000000b1300000| Untracked 
| 788|0x00000000b1400000, 0x00000000b1500000, 0x00000000b1500000|100%| O|  |TAMS 0x00000000b1400000, 0x00000000b1400000| Untracked 
| 789|0x00000000b1500000, 0x00000000b1600000, 0x00000000b1600000|100%| O|  |TAMS 0x00000000b1500000, 0x00000000b1500000| Untracked 
| 790|0x00000000b1600000, 0x00000000b1700000, 0x00000000b1700000|100%| O|  |TAMS 0x00000000b1600000, 0x00000000b1600000| Untracked 
| 791|0x00000000b1700000, 0x00000000b1800000, 0x00000000b1800000|100%| O|  |TAMS 0x00000000b1700000, 0x00000000b1700000| Untracked 
| 792|0x00000000b1800000, 0x00000000b1900000, 0x00000000b1900000|100%| O|  |TAMS 0x00000000b1800000, 0x00000000b1800000| Untracked 
| 793|0x00000000b1900000, 0x00000000b1a00000, 0x00000000b1a00000|100%| O|  |TAMS 0x00000000b1900000, 0x00000000b1900000| Untracked 
| 794|0x00000000b1a00000, 0x00000000b1b00000, 0x00000000b1b00000|100%| O|  |TAMS 0x00000000b1a00000, 0x00000000b1a00000| Untracked 
| 795|0x00000000b1b00000, 0x00000000b1c00000, 0x00000000b1c00000|100%| O|  |TAMS 0x00000000b1b00000, 0x00000000b1b00000| Untracked 
| 796|0x00000000b1c00000, 0x00000000b1d00000, 0x00000000b1d00000|100%| O|  |TAMS 0x00000000b1c00000, 0x00000000b1c00000| Untracked 
| 797|0x00000000b1d00000, 0x00000000b1e00000, 0x00000000b1e00000|100%| O|  |TAMS 0x00000000b1d00000, 0x00000000b1d00000| Untracked 
| 798|0x00000000b1e00000, 0x00000000b1f00000, 0x00000000b1f00000|100%| O|  |TAMS 0x00000000b1e00000, 0x00000000b1e00000| Untracked 
| 799|0x00000000b1f00000, 0x00000000b2000000, 0x00000000b2000000|100%| O|  |TAMS 0x00000000b1f00000, 0x00000000b1f00000| Untracked 
| 800|0x00000000b2000000, 0x00000000b2100000, 0x00000000b2100000|100%| O|  |TAMS 0x00000000b2000000, 0x00000000b2000000| Untracked 
| 801|0x00000000b2100000, 0x00000000b2200000, 0x00000000b2200000|100%| O|  |TAMS 0x00000000b2100000, 0x00000000b2100000| Untracked 
| 802|0x00000000b2200000, 0x00000000b2300000, 0x00000000b2300000|100%| O|  |TAMS 0x00000000b2200000, 0x00000000b2200000| Untracked 
| 803|0x00000000b2300000, 0x00000000b2400000, 0x00000000b2400000|100%| O|  |TAMS 0x00000000b2300000, 0x00000000b2300000| Untracked 
| 804|0x00000000b2400000, 0x00000000b2500000, 0x00000000b2500000|100%| O|  |TAMS 0x00000000b2400000, 0x00000000b2400000| Untracked 
| 805|0x00000000b2500000, 0x00000000b2600000, 0x00000000b2600000|100%| O|  |TAMS 0x00000000b2500000, 0x00000000b2500000| Untracked 
| 806|0x00000000b2600000, 0x00000000b2700000, 0x00000000b2700000|100%| O|  |TAMS 0x00000000b2600000, 0x00000000b2600000| Untracked 
| 807|0x00000000b2700000, 0x00000000b2800000, 0x00000000b2800000|100%| O|  |TAMS 0x00000000b2700000, 0x00000000b2700000| Untracked 
| 808|0x00000000b2800000, 0x00000000b2900000, 0x00000000b2900000|100%| O|  |TAMS 0x00000000b2800000, 0x00000000b2800000| Untracked 
| 809|0x00000000b2900000, 0x00000000b2a00000, 0x00000000b2a00000|100%| O|  |TAMS 0x00000000b2900000, 0x00000000b2900000| Untracked 
| 810|0x00000000b2a00000, 0x00000000b2b00000, 0x00000000b2b00000|100%| O|  |TAMS 0x00000000b2a00000, 0x00000000b2a00000| Untracked 
| 811|0x00000000b2b00000, 0x00000000b2c00000, 0x00000000b2c00000|100%| O|  |TAMS 0x00000000b2b00000, 0x00000000b2b00000| Untracked 
| 812|0x00000000b2c00000, 0x00000000b2d00000, 0x00000000b2d00000|100%| O|  |TAMS 0x00000000b2c00000, 0x00000000b2c00000| Untracked 
| 813|0x00000000b2d00000, 0x00000000b2e00000, 0x00000000b2e00000|100%| O|  |TAMS 0x00000000b2d00000, 0x00000000b2d00000| Untracked 
| 814|0x00000000b2e00000, 0x00000000b2f00000, 0x00000000b2f00000|100%| O|  |TAMS 0x00000000b2e00000, 0x00000000b2e00000| Untracked 
| 815|0x00000000b2f00000, 0x00000000b3000000, 0x00000000b3000000|100%| O|  |TAMS 0x00000000b2f00000, 0x00000000b2f00000| Untracked 
| 816|0x00000000b3000000, 0x00000000b3100000, 0x00000000b3100000|100%|HS|  |TAMS 0x00000000b3000000, 0x00000000b3000000| Complete 
| 817|0x00000000b3100000, 0x00000000b3200000, 0x00000000b3200000|100%| O|  |TAMS 0x00000000b3100000, 0x00000000b3100000| Untracked 
| 818|0x00000000b3200000, 0x00000000b3300000, 0x00000000b3300000|100%| O|  |TAMS 0x00000000b3200000, 0x00000000b3200000| Untracked 
| 819|0x00000000b3300000, 0x00000000b3400000, 0x00000000b3400000|100%| O|  |TAMS 0x00000000b3300000, 0x00000000b3300000| Untracked 
| 820|0x00000000b3400000, 0x00000000b3500000, 0x00000000b3500000|100%| O|  |TAMS 0x00000000b3400000, 0x00000000b3400000| Untracked 
| 821|0x00000000b3500000, 0x00000000b3600000, 0x00000000b3600000|100%| O|  |TAMS 0x00000000b3500000, 0x00000000b3500000| Untracked 
| 822|0x00000000b3600000, 0x00000000b3700000, 0x00000000b3700000|100%| O|  |TAMS 0x00000000b3600000, 0x00000000b3600000| Untracked 
| 823|0x00000000b3700000, 0x00000000b3800000, 0x00000000b3800000|100%| O|  |TAMS 0x00000000b3700000, 0x00000000b3700000| Untracked 
| 824|0x00000000b3800000, 0x00000000b3900000, 0x00000000b3900000|100%| O|  |TAMS 0x00000000b3800000, 0x00000000b3800000| Untracked 
| 825|0x00000000b3900000, 0x00000000b3a00000, 0x00000000b3a00000|100%| O|  |TAMS 0x00000000b3900000, 0x00000000b3900000| Untracked 
| 826|0x00000000b3a00000, 0x00000000b3b00000, 0x00000000b3b00000|100%| O|  |TAMS 0x00000000b3a00000, 0x00000000b3a00000| Untracked 
| 827|0x00000000b3b00000, 0x00000000b3c00000, 0x00000000b3c00000|100%| O|  |TAMS 0x00000000b3b00000, 0x00000000b3b00000| Untracked 
| 828|0x00000000b3c00000, 0x00000000b3d00000, 0x00000000b3d00000|100%| O|  |TAMS 0x00000000b3c00000, 0x00000000b3c00000| Untracked 
| 829|0x00000000b3d00000, 0x00000000b3e00000, 0x00000000b3e00000|100%| O|  |TAMS 0x00000000b3d00000, 0x00000000b3d00000| Untracked 
| 830|0x00000000b3e00000, 0x00000000b3f00000, 0x00000000b3f00000|100%| O|  |TAMS 0x00000000b3e00000, 0x00000000b3e00000| Untracked 
| 831|0x00000000b3f00000, 0x00000000b4000000, 0x00000000b4000000|100%| O|  |TAMS 0x00000000b3f00000, 0x00000000b3f00000| Untracked 
| 832|0x00000000b4000000, 0x00000000b4100000, 0x00000000b4100000|100%| O|  |TAMS 0x00000000b4000000, 0x00000000b4000000| Untracked 
| 833|0x00000000b4100000, 0x00000000b4200000, 0x00000000b4200000|100%| O|  |TAMS 0x00000000b4100000, 0x00000000b4100000| Untracked 
| 834|0x00000000b4200000, 0x00000000b4300000, 0x00000000b4300000|100%| O|  |TAMS 0x00000000b4200000, 0x00000000b4200000| Untracked 
| 835|0x00000000b4300000, 0x00000000b4400000, 0x00000000b4400000|100%| O|  |TAMS 0x00000000b4300000, 0x00000000b4300000| Untracked 
| 836|0x00000000b4400000, 0x00000000b4500000, 0x00000000b4500000|100%| O|  |TAMS 0x00000000b4400000, 0x00000000b4400000| Untracked 
| 837|0x00000000b4500000, 0x00000000b4600000, 0x00000000b4600000|100%| O|  |TAMS 0x00000000b4500000, 0x00000000b4500000| Untracked 
| 838|0x00000000b4600000, 0x00000000b4700000, 0x00000000b4700000|100%| O|  |TAMS 0x00000000b4600000, 0x00000000b4600000| Untracked 
| 839|0x00000000b4700000, 0x00000000b4800000, 0x00000000b4800000|100%| O|  |TAMS 0x00000000b4700000, 0x00000000b4700000| Untracked 
| 840|0x00000000b4800000, 0x00000000b4900000, 0x00000000b4900000|100%| O|  |TAMS 0x00000000b4800000, 0x00000000b4800000| Untracked 
| 841|0x00000000b4900000, 0x00000000b4a00000, 0x00000000b4a00000|100%| O|  |TAMS 0x00000000b4900000, 0x00000000b4900000| Untracked 
| 842|0x00000000b4a00000, 0x00000000b4b00000, 0x00000000b4b00000|100%| O|  |TAMS 0x00000000b4a00000, 0x00000000b4a00000| Untracked 
| 843|0x00000000b4b00000, 0x00000000b4c00000, 0x00000000b4c00000|100%| O|  |TAMS 0x00000000b4b00000, 0x00000000b4b00000| Untracked 
| 844|0x00000000b4c00000, 0x00000000b4d00000, 0x00000000b4d00000|100%| O|  |TAMS 0x00000000b4c00000, 0x00000000b4c00000| Untracked 
| 845|0x00000000b4d00000, 0x00000000b4e00000, 0x00000000b4e00000|100%| O|  |TAMS 0x00000000b4d00000, 0x00000000b4d00000| Untracked 
| 846|0x00000000b4e00000, 0x00000000b4f00000, 0x00000000b4f00000|100%| O|  |TAMS 0x00000000b4e00000, 0x00000000b4e00000| Untracked 
| 847|0x00000000b4f00000, 0x00000000b5000000, 0x00000000b5000000|100%| O|  |TAMS 0x00000000b4f00000, 0x00000000b4f00000| Untracked 
| 848|0x00000000b5000000, 0x00000000b5100000, 0x00000000b5100000|100%| O|  |TAMS 0x00000000b5000000, 0x00000000b5000000| Untracked 
| 849|0x00000000b5100000, 0x00000000b5200000, 0x00000000b5200000|100%| O|  |TAMS 0x00000000b5100000, 0x00000000b5100000| Untracked 
| 850|0x00000000b5200000, 0x00000000b5300000, 0x00000000b5300000|100%| O|  |TAMS 0x00000000b5200000, 0x00000000b5200000| Untracked 
| 851|0x00000000b5300000, 0x00000000b5400000, 0x00000000b5400000|100%| O|  |TAMS 0x00000000b5300000, 0x00000000b5300000| Untracked 
| 852|0x00000000b5400000, 0x00000000b5500000, 0x00000000b5500000|100%| O|  |TAMS 0x00000000b5400000, 0x00000000b5400000| Untracked 
| 853|0x00000000b5500000, 0x00000000b5600000, 0x00000000b5600000|100%| O|  |TAMS 0x00000000b5500000, 0x00000000b5500000| Untracked 
| 854|0x00000000b5600000, 0x00000000b5700000, 0x00000000b5700000|100%| O|  |TAMS 0x00000000b5600000, 0x00000000b5600000| Untracked 
| 855|0x00000000b5700000, 0x00000000b5800000, 0x00000000b5800000|100%| O|  |TAMS 0x00000000b5700000, 0x00000000b5700000| Untracked 
| 856|0x00000000b5800000, 0x00000000b5900000, 0x00000000b5900000|100%| O|  |TAMS 0x00000000b5800000, 0x00000000b5800000| Untracked 
| 857|0x00000000b5900000, 0x00000000b5a00000, 0x00000000b5a00000|100%| O|  |TAMS 0x00000000b5900000, 0x00000000b5900000| Untracked 
| 858|0x00000000b5a00000, 0x00000000b5b00000, 0x00000000b5b00000|100%| O|  |TAMS 0x00000000b5a00000, 0x00000000b5a00000| Untracked 
| 859|0x00000000b5b00000, 0x00000000b5c00000, 0x00000000b5c00000|100%| O|  |TAMS 0x00000000b5b00000, 0x00000000b5b00000| Untracked 
| 860|0x00000000b5c00000, 0x00000000b5d00000, 0x00000000b5d00000|100%| O|  |TAMS 0x00000000b5c00000, 0x00000000b5c00000| Untracked 
| 861|0x00000000b5d00000, 0x00000000b5e00000, 0x00000000b5e00000|100%| O|  |TAMS 0x00000000b5d00000, 0x00000000b5d00000| Untracked 
| 862|0x00000000b5e00000, 0x00000000b5f00000, 0x00000000b5f00000|100%| O|  |TAMS 0x00000000b5e00000, 0x00000000b5e00000| Untracked 
| 863|0x00000000b5f00000, 0x00000000b6000000, 0x00000000b6000000|100%| O|  |TAMS 0x00000000b5f00000, 0x00000000b5f00000| Untracked 
| 864|0x00000000b6000000, 0x00000000b6100000, 0x00000000b6100000|100%| O|  |TAMS 0x00000000b6000000, 0x00000000b6000000| Untracked 
| 865|0x00000000b6100000, 0x00000000b6200000, 0x00000000b6200000|100%| O|  |TAMS 0x00000000b6100000, 0x00000000b6100000| Untracked 
| 866|0x00000000b6200000, 0x00000000b6300000, 0x00000000b6300000|100%| O|  |TAMS 0x00000000b6200000, 0x00000000b6200000| Untracked 
| 867|0x00000000b6300000, 0x00000000b6400000, 0x00000000b6400000|100%| O|  |TAMS 0x00000000b6300000, 0x00000000b6300000| Untracked 
| 868|0x00000000b6400000, 0x00000000b6500000, 0x00000000b6500000|100%| O|  |TAMS 0x00000000b6400000, 0x00000000b6400000| Untracked 
| 869|0x00000000b6500000, 0x00000000b6600000, 0x00000000b6600000|100%| O|  |TAMS 0x00000000b6500000, 0x00000000b6500000| Untracked 
| 870|0x00000000b6600000, 0x00000000b6700000, 0x00000000b6700000|100%| O|  |TAMS 0x00000000b6600000, 0x00000000b6600000| Untracked 
| 871|0x00000000b6700000, 0x00000000b6800000, 0x00000000b6800000|100%| O|  |TAMS 0x00000000b6700000, 0x00000000b6700000| Untracked 
| 872|0x00000000b6800000, 0x00000000b6900000, 0x00000000b6900000|100%| O|  |TAMS 0x00000000b6800000, 0x00000000b6800000| Untracked 
| 873|0x00000000b6900000, 0x00000000b6a00000, 0x00000000b6a00000|100%| O|  |TAMS 0x00000000b6900000, 0x00000000b6900000| Untracked 
| 874|0x00000000b6a00000, 0x00000000b6b00000, 0x00000000b6b00000|100%| O|  |TAMS 0x00000000b6a00000, 0x00000000b6a00000| Untracked 
| 875|0x00000000b6b00000, 0x00000000b6c00000, 0x00000000b6c00000|100%| O|  |TAMS 0x00000000b6b00000, 0x00000000b6b00000| Untracked 
| 876|0x00000000b6c00000, 0x00000000b6d00000, 0x00000000b6d00000|100%| O|  |TAMS 0x00000000b6c00000, 0x00000000b6c00000| Untracked 
| 877|0x00000000b6d00000, 0x00000000b6e00000, 0x00000000b6e00000|100%| O|  |TAMS 0x00000000b6d00000, 0x00000000b6d00000| Untracked 
| 878|0x00000000b6e00000, 0x00000000b6f00000, 0x00000000b6f00000|100%| O|  |TAMS 0x00000000b6e00000, 0x00000000b6e00000| Untracked 
| 879|0x00000000b6f00000, 0x00000000b7000000, 0x00000000b7000000|100%| O|  |TAMS 0x00000000b6f00000, 0x00000000b6f00000| Untracked 
| 880|0x00000000b7000000, 0x00000000b7100000, 0x00000000b7100000|100%| O|  |TAMS 0x00000000b7000000, 0x00000000b7000000| Untracked 
| 881|0x00000000b7100000, 0x00000000b7200000, 0x00000000b7200000|100%| O|  |TAMS 0x00000000b7100000, 0x00000000b7100000| Untracked 
| 882|0x00000000b7200000, 0x00000000b7300000, 0x00000000b7300000|100%| O|  |TAMS 0x00000000b7200000, 0x00000000b7200000| Untracked 
| 883|0x00000000b7300000, 0x00000000b7400000, 0x00000000b7400000|100%| O|  |TAMS 0x00000000b7300000, 0x00000000b7300000| Untracked 
| 884|0x00000000b7400000, 0x00000000b7500000, 0x00000000b7500000|100%| O|  |TAMS 0x00000000b7400000, 0x00000000b7400000| Untracked 
| 885|0x00000000b7500000, 0x00000000b7600000, 0x00000000b7600000|100%| O|  |TAMS 0x00000000b7500000, 0x00000000b7500000| Untracked 
| 886|0x00000000b7600000, 0x00000000b7700000, 0x00000000b7700000|100%| O|  |TAMS 0x00000000b7600000, 0x00000000b7600000| Untracked 
| 887|0x00000000b7700000, 0x00000000b7800000, 0x00000000b7800000|100%| O|  |TAMS 0x00000000b7700000, 0x00000000b7700000| Untracked 
| 888|0x00000000b7800000, 0x00000000b7900000, 0x00000000b7900000|100%| O|  |TAMS 0x00000000b7800000, 0x00000000b7800000| Untracked 
| 889|0x00000000b7900000, 0x00000000b7a00000, 0x00000000b7a00000|100%| O|  |TAMS 0x00000000b7900000, 0x00000000b7900000| Untracked 
| 890|0x00000000b7a00000, 0x00000000b7b00000, 0x00000000b7b00000|100%| O|  |TAMS 0x00000000b7a00000, 0x00000000b7a00000| Untracked 
| 891|0x00000000b7b00000, 0x00000000b7c00000, 0x00000000b7c00000|100%| O|  |TAMS 0x00000000b7b00000, 0x00000000b7b00000| Untracked 
| 892|0x00000000b7c00000, 0x00000000b7d00000, 0x00000000b7d00000|100%| O|  |TAMS 0x00000000b7c00000, 0x00000000b7c00000| Untracked 
| 893|0x00000000b7d00000, 0x00000000b7e00000, 0x00000000b7e00000|100%| O|  |TAMS 0x00000000b7d00000, 0x00000000b7d00000| Untracked 
| 894|0x00000000b7e00000, 0x00000000b7f00000, 0x00000000b7f00000|100%| O|  |TAMS 0x00000000b7e00000, 0x00000000b7e00000| Untracked 
| 895|0x00000000b7f00000, 0x00000000b8000000, 0x00000000b8000000|100%| O|  |TAMS 0x00000000b7f00000, 0x00000000b7f00000| Untracked 
| 896|0x00000000b8000000, 0x00000000b8100000, 0x00000000b8100000|100%| O|  |TAMS 0x00000000b8000000, 0x00000000b8000000| Untracked 
| 897|0x00000000b8100000, 0x00000000b8200000, 0x00000000b8200000|100%| O|  |TAMS 0x00000000b8100000, 0x00000000b8100000| Untracked 
| 898|0x00000000b8200000, 0x00000000b8300000, 0x00000000b8300000|100%| O|  |TAMS 0x00000000b8200000, 0x00000000b8200000| Untracked 
| 899|0x00000000b8300000, 0x00000000b8400000, 0x00000000b8400000|100%| O|  |TAMS 0x00000000b8300000, 0x00000000b8300000| Untracked 
| 900|0x00000000b8400000, 0x00000000b8500000, 0x00000000b8500000|100%| O|  |TAMS 0x00000000b8400000, 0x00000000b8400000| Untracked 
| 901|0x00000000b8500000, 0x00000000b8600000, 0x00000000b8600000|100%| O|  |TAMS 0x00000000b8500000, 0x00000000b8500000| Untracked 
| 902|0x00000000b8600000, 0x00000000b8700000, 0x00000000b8700000|100%| O|  |TAMS 0x00000000b8600000, 0x00000000b8600000| Untracked 
| 903|0x00000000b8700000, 0x00000000b8800000, 0x00000000b8800000|100%| O|  |TAMS 0x00000000b8700000, 0x00000000b8700000| Untracked 
| 904|0x00000000b8800000, 0x00000000b8900000, 0x00000000b8900000|100%| O|  |TAMS 0x00000000b8800000, 0x00000000b8800000| Untracked 
| 905|0x00000000b8900000, 0x00000000b8a00000, 0x00000000b8a00000|100%| O|  |TAMS 0x00000000b8900000, 0x00000000b8900000| Untracked 
| 906|0x00000000b8a00000, 0x00000000b8b00000, 0x00000000b8b00000|100%| O|  |TAMS 0x00000000b8a00000, 0x00000000b8a00000| Untracked 
| 907|0x00000000b8b00000, 0x00000000b8c00000, 0x00000000b8c00000|100%| O|  |TAMS 0x00000000b8b00000, 0x00000000b8b00000| Untracked 
| 908|0x00000000b8c00000, 0x00000000b8d00000, 0x00000000b8d00000|100%| O|  |TAMS 0x00000000b8c00000, 0x00000000b8c00000| Untracked 
| 909|0x00000000b8d00000, 0x00000000b8e00000, 0x00000000b8e00000|100%| O|  |TAMS 0x00000000b8d00000, 0x00000000b8d00000| Untracked 
| 910|0x00000000b8e00000, 0x00000000b8f00000, 0x00000000b8f00000|100%| O|  |TAMS 0x00000000b8e00000, 0x00000000b8e00000| Untracked 
| 911|0x00000000b8f00000, 0x00000000b9000000, 0x00000000b9000000|100%| O|  |TAMS 0x00000000b8f00000, 0x00000000b8f00000| Untracked 
| 912|0x00000000b9000000, 0x00000000b9100000, 0x00000000b9100000|100%| O|  |TAMS 0x00000000b9000000, 0x00000000b9000000| Untracked 
| 913|0x00000000b9100000, 0x00000000b9200000, 0x00000000b9200000|100%| O|  |TAMS 0x00000000b9100000, 0x00000000b9100000| Untracked 
| 914|0x00000000b9200000, 0x00000000b9300000, 0x00000000b9300000|100%| O|  |TAMS 0x00000000b9200000, 0x00000000b9200000| Untracked 
| 915|0x00000000b9300000, 0x00000000b932ca00, 0x00000000b9400000| 17%| O|  |TAMS 0x00000000b9300000, 0x00000000b9300000| Untracked 
| 916|0x00000000b9400000, 0x00000000b9400000, 0x00000000b9500000|  0%| F|  |TAMS 0x00000000b9400000, 0x00000000b9400000| Untracked 
| 917|0x00000000b9500000, 0x00000000b9500000, 0x00000000b9600000|  0%| F|  |TAMS 0x00000000b9500000, 0x00000000b9500000| Untracked 
| 918|0x00000000b9600000, 0x00000000b9600000, 0x00000000b9700000|  0%| F|  |TAMS 0x00000000b9600000, 0x00000000b9600000| Untracked 
| 919|0x00000000b9700000, 0x00000000b9700000, 0x00000000b9800000|  0%| F|  |TAMS 0x00000000b9700000, 0x00000000b9700000| Untracked 
| 920|0x00000000b9800000, 0x00000000b9800000, 0x00000000b9900000|  0%| F|  |TAMS 0x00000000b9800000, 0x00000000b9800000| Untracked 
| 921|0x00000000b9900000, 0x00000000b9900000, 0x00000000b9a00000|  0%| F|  |TAMS 0x00000000b9900000, 0x00000000b9900000| Untracked 
| 922|0x00000000b9a00000, 0x00000000b9a00000, 0x00000000b9b00000|  0%| F|  |TAMS 0x00000000b9a00000, 0x00000000b9a00000| Untracked 
| 923|0x00000000b9b00000, 0x00000000b9b00000, 0x00000000b9c00000|  0%| F|  |TAMS 0x00000000b9b00000, 0x00000000b9b00000| Untracked 
| 924|0x00000000b9c00000, 0x00000000b9c00000, 0x00000000b9d00000|  0%| F|  |TAMS 0x00000000b9c00000, 0x00000000b9c00000| Untracked 
| 925|0x00000000b9d00000, 0x00000000b9d00000, 0x00000000b9e00000|  0%| F|  |TAMS 0x00000000b9d00000, 0x00000000b9d00000| Untracked 
| 926|0x00000000b9e00000, 0x00000000b9e00000, 0x00000000b9f00000|  0%| F|  |TAMS 0x00000000b9e00000, 0x00000000b9e00000| Untracked 
| 927|0x00000000b9f00000, 0x00000000b9f00000, 0x00000000ba000000|  0%| F|  |TAMS 0x00000000b9f00000, 0x00000000b9f00000| Untracked 
| 928|0x00000000ba000000, 0x00000000ba000000, 0x00000000ba100000|  0%| F|  |TAMS 0x00000000ba000000, 0x00000000ba000000| Untracked 
| 929|0x00000000ba100000, 0x00000000ba100000, 0x00000000ba200000|  0%| F|  |TAMS 0x00000000ba100000, 0x00000000ba100000| Untracked 
| 930|0x00000000ba200000, 0x00000000ba200000, 0x00000000ba300000|  0%| F|  |TAMS 0x00000000ba200000, 0x00000000ba200000| Untracked 
| 931|0x00000000ba300000, 0x00000000ba300000, 0x00000000ba400000|  0%| F|  |TAMS 0x00000000ba300000, 0x00000000ba300000| Untracked 
| 932|0x00000000ba400000, 0x00000000ba400000, 0x00000000ba500000|  0%| F|  |TAMS 0x00000000ba400000, 0x00000000ba400000| Untracked 
| 933|0x00000000ba500000, 0x00000000ba500000, 0x00000000ba600000|  0%| F|  |TAMS 0x00000000ba500000, 0x00000000ba500000| Untracked 
| 934|0x00000000ba600000, 0x00000000ba600000, 0x00000000ba700000|  0%| F|  |TAMS 0x00000000ba600000, 0x00000000ba600000| Untracked 
| 935|0x00000000ba700000, 0x00000000ba700000, 0x00000000ba800000|  0%| F|  |TAMS 0x00000000ba700000, 0x00000000ba700000| Untracked 
| 936|0x00000000ba800000, 0x00000000ba800000, 0x00000000ba900000|  0%| F|  |TAMS 0x00000000ba800000, 0x00000000ba800000| Untracked 
| 937|0x00000000ba900000, 0x00000000ba900000, 0x00000000baa00000|  0%| F|  |TAMS 0x00000000ba900000, 0x00000000ba900000| Untracked 
| 938|0x00000000baa00000, 0x00000000baa00000, 0x00000000bab00000|  0%| F|  |TAMS 0x00000000baa00000, 0x00000000baa00000| Untracked 
| 939|0x00000000bab00000, 0x00000000bab00000, 0x00000000bac00000|  0%| F|  |TAMS 0x00000000bab00000, 0x00000000bab00000| Untracked 
| 940|0x00000000bac00000, 0x00000000bac00000, 0x00000000bad00000|  0%| F|  |TAMS 0x00000000bac00000, 0x00000000bac00000| Untracked 
| 941|0x00000000bad00000, 0x00000000bad00000, 0x00000000bae00000|  0%| F|  |TAMS 0x00000000bad00000, 0x00000000bad00000| Untracked 
| 942|0x00000000bae00000, 0x00000000bae00000, 0x00000000baf00000|  0%| F|  |TAMS 0x00000000bae00000, 0x00000000bae00000| Untracked 
| 943|0x00000000baf00000, 0x00000000baf00000, 0x00000000bb000000|  0%| F|  |TAMS 0x00000000baf00000, 0x00000000baf00000| Untracked 
| 944|0x00000000bb000000, 0x00000000bb000000, 0x00000000bb100000|  0%| F|  |TAMS 0x00000000bb000000, 0x00000000bb000000| Untracked 
| 945|0x00000000bb100000, 0x00000000bb100000, 0x00000000bb200000|  0%| F|  |TAMS 0x00000000bb100000, 0x00000000bb100000| Untracked 
| 946|0x00000000bb200000, 0x00000000bb200000, 0x00000000bb300000|  0%| F|  |TAMS 0x00000000bb200000, 0x00000000bb200000| Untracked 
| 947|0x00000000bb300000, 0x00000000bb300000, 0x00000000bb400000|  0%| F|  |TAMS 0x00000000bb300000, 0x00000000bb300000| Untracked 
| 948|0x00000000bb400000, 0x00000000bb400000, 0x00000000bb500000|  0%| F|  |TAMS 0x00000000bb400000, 0x00000000bb400000| Untracked 
| 949|0x00000000bb500000, 0x00000000bb500000, 0x00000000bb600000|  0%| F|  |TAMS 0x00000000bb500000, 0x00000000bb500000| Untracked 
| 950|0x00000000bb600000, 0x00000000bb600000, 0x00000000bb700000|  0%| F|  |TAMS 0x00000000bb600000, 0x00000000bb600000| Untracked 
| 951|0x00000000bb700000, 0x00000000bb700000, 0x00000000bb800000|  0%| F|  |TAMS 0x00000000bb700000, 0x00000000bb700000| Untracked 
| 952|0x00000000bb800000, 0x00000000bb800000, 0x00000000bb900000|  0%| F|  |TAMS 0x00000000bb800000, 0x00000000bb800000| Untracked 
| 953|0x00000000bb900000, 0x00000000bb900000, 0x00000000bba00000|  0%| F|  |TAMS 0x00000000bb900000, 0x00000000bb900000| Untracked 
| 954|0x00000000bba00000, 0x00000000bba00000, 0x00000000bbb00000|  0%| F|  |TAMS 0x00000000bba00000, 0x00000000bba00000| Untracked 
| 955|0x00000000bbb00000, 0x00000000bbb00000, 0x00000000bbc00000|  0%| F|  |TAMS 0x00000000bbb00000, 0x00000000bbb00000| Untracked 
| 956|0x00000000bbc00000, 0x00000000bbc00000, 0x00000000bbd00000|  0%| F|  |TAMS 0x00000000bbc00000, 0x00000000bbc00000| Untracked 
| 957|0x00000000bbd00000, 0x00000000bbd00000, 0x00000000bbe00000|  0%| F|  |TAMS 0x00000000bbd00000, 0x00000000bbd00000| Untracked 
| 958|0x00000000bbe00000, 0x00000000bbe00000, 0x00000000bbf00000|  0%| F|  |TAMS 0x00000000bbe00000, 0x00000000bbe00000| Untracked 
| 959|0x00000000bbf00000, 0x00000000bbf00000, 0x00000000bc000000|  0%| F|  |TAMS 0x00000000bbf00000, 0x00000000bbf00000| Untracked 
| 960|0x00000000bc000000, 0x00000000bc000000, 0x00000000bc100000|  0%| F|  |TAMS 0x00000000bc000000, 0x00000000bc000000| Untracked 
| 961|0x00000000bc100000, 0x00000000bc100000, 0x00000000bc200000|  0%| F|  |TAMS 0x00000000bc100000, 0x00000000bc100000| Untracked 
| 962|0x00000000bc200000, 0x00000000bc200000, 0x00000000bc300000|  0%| F|  |TAMS 0x00000000bc200000, 0x00000000bc200000| Untracked 
| 963|0x00000000bc300000, 0x00000000bc300000, 0x00000000bc400000|  0%| F|  |TAMS 0x00000000bc300000, 0x00000000bc300000| Untracked 
| 964|0x00000000bc400000, 0x00000000bc400000, 0x00000000bc500000|  0%| F|  |TAMS 0x00000000bc400000, 0x00000000bc400000| Untracked 
| 965|0x00000000bc500000, 0x00000000bc500000, 0x00000000bc600000|  0%| F|  |TAMS 0x00000000bc500000, 0x00000000bc500000| Untracked 
| 966|0x00000000bc600000, 0x00000000bc600000, 0x00000000bc700000|  0%| F|  |TAMS 0x00000000bc600000, 0x00000000bc600000| Untracked 
| 967|0x00000000bc700000, 0x00000000bc700000, 0x00000000bc800000|  0%| F|  |TAMS 0x00000000bc700000, 0x00000000bc700000| Untracked 
| 968|0x00000000bc800000, 0x00000000bc800000, 0x00000000bc900000|  0%| F|  |TAMS 0x00000000bc800000, 0x00000000bc800000| Untracked 
| 969|0x00000000bc900000, 0x00000000bc900000, 0x00000000bca00000|  0%| F|  |TAMS 0x00000000bc900000, 0x00000000bc900000| Untracked 
| 970|0x00000000bca00000, 0x00000000bca00000, 0x00000000bcb00000|  0%| F|  |TAMS 0x00000000bca00000, 0x00000000bca00000| Untracked 
| 971|0x00000000bcb00000, 0x00000000bcb00000, 0x00000000bcc00000|  0%| F|  |TAMS 0x00000000bcb00000, 0x00000000bcb00000| Untracked 
| 972|0x00000000bcc00000, 0x00000000bcc00000, 0x00000000bcd00000|  0%| F|  |TAMS 0x00000000bcc00000, 0x00000000bcc00000| Untracked 
| 973|0x00000000bcd00000, 0x00000000bcd00000, 0x00000000bce00000|  0%| F|  |TAMS 0x00000000bcd00000, 0x00000000bcd00000| Untracked 
| 974|0x00000000bce00000, 0x00000000bce00000, 0x00000000bcf00000|  0%| F|  |TAMS 0x00000000bce00000, 0x00000000bce00000| Untracked 
| 975|0x00000000bcf00000, 0x00000000bcf00000, 0x00000000bd000000|  0%| F|  |TAMS 0x00000000bcf00000, 0x00000000bcf00000| Untracked 
| 976|0x00000000bd000000, 0x00000000bd000000, 0x00000000bd100000|  0%| F|  |TAMS 0x00000000bd000000, 0x00000000bd000000| Untracked 
| 977|0x00000000bd100000, 0x00000000bd100000, 0x00000000bd200000|  0%| F|  |TAMS 0x00000000bd100000, 0x00000000bd100000| Untracked 
| 978|0x00000000bd200000, 0x00000000bd200000, 0x00000000bd300000|  0%| F|  |TAMS 0x00000000bd200000, 0x00000000bd200000| Untracked 
| 979|0x00000000bd300000, 0x00000000bd300000, 0x00000000bd400000|  0%| F|  |TAMS 0x00000000bd300000, 0x00000000bd300000| Untracked 
| 980|0x00000000bd400000, 0x00000000bd400000, 0x00000000bd500000|  0%| F|  |TAMS 0x00000000bd400000, 0x00000000bd400000| Untracked 
| 981|0x00000000bd500000, 0x00000000bd500000, 0x00000000bd600000|  0%| F|  |TAMS 0x00000000bd500000, 0x00000000bd500000| Untracked 
| 982|0x00000000bd600000, 0x00000000bd600000, 0x00000000bd700000|  0%| F|  |TAMS 0x00000000bd600000, 0x00000000bd600000| Untracked 
| 983|0x00000000bd700000, 0x00000000bd700000, 0x00000000bd800000|  0%| F|  |TAMS 0x00000000bd700000, 0x00000000bd700000| Untracked 
| 984|0x00000000bd800000, 0x00000000bd800000, 0x00000000bd900000|  0%| F|  |TAMS 0x00000000bd800000, 0x00000000bd800000| Untracked 
| 985|0x00000000bd900000, 0x00000000bd900000, 0x00000000bda00000|  0%| F|  |TAMS 0x00000000bd900000, 0x00000000bd900000| Untracked 
| 986|0x00000000bda00000, 0x00000000bda00000, 0x00000000bdb00000|  0%| F|  |TAMS 0x00000000bda00000, 0x00000000bda00000| Untracked 
| 987|0x00000000bdb00000, 0x00000000bdb00000, 0x00000000bdc00000|  0%| F|  |TAMS 0x00000000bdb00000, 0x00000000bdb00000| Untracked 
| 988|0x00000000bdc00000, 0x00000000bdc00000, 0x00000000bdd00000|  0%| F|  |TAMS 0x00000000bdc00000, 0x00000000bdc00000| Untracked 
| 989|0x00000000bdd00000, 0x00000000bdd00000, 0x00000000bde00000|  0%| F|  |TAMS 0x00000000bdd00000, 0x00000000bdd00000| Untracked 
| 990|0x00000000bde00000, 0x00000000bde00000, 0x00000000bdf00000|  0%| F|  |TAMS 0x00000000bde00000, 0x00000000bde00000| Untracked 
| 991|0x00000000bdf00000, 0x00000000bdf00000, 0x00000000be000000|  0%| F|  |TAMS 0x00000000bdf00000, 0x00000000bdf00000| Untracked 
| 992|0x00000000be000000, 0x00000000be000000, 0x00000000be100000|  0%| F|  |TAMS 0x00000000be000000, 0x00000000be000000| Untracked 
| 993|0x00000000be100000, 0x00000000be100000, 0x00000000be200000|  0%| F|  |TAMS 0x00000000be100000, 0x00000000be100000| Untracked 
| 994|0x00000000be200000, 0x00000000be200000, 0x00000000be300000|  0%| F|  |TAMS 0x00000000be200000, 0x00000000be200000| Untracked 
| 995|0x00000000be300000, 0x00000000be300000, 0x00000000be400000|  0%| F|  |TAMS 0x00000000be300000, 0x00000000be300000| Untracked 
| 996|0x00000000be400000, 0x00000000be400000, 0x00000000be500000|  0%| F|  |TAMS 0x00000000be400000, 0x00000000be400000| Untracked 
| 997|0x00000000be500000, 0x00000000be500000, 0x00000000be600000|  0%| F|  |TAMS 0x00000000be500000, 0x00000000be500000| Untracked 
| 998|0x00000000be600000, 0x00000000be600000, 0x00000000be700000|  0%| F|  |TAMS 0x00000000be600000, 0x00000000be600000| Untracked 
| 999|0x00000000be700000, 0x00000000be700000, 0x00000000be800000|  0%| F|  |TAMS 0x00000000be700000, 0x00000000be700000| Untracked 
|1000|0x00000000be800000, 0x00000000be800000, 0x00000000be900000|  0%| F|  |TAMS 0x00000000be800000, 0x00000000be800000| Untracked 
|1001|0x00000000be900000, 0x00000000be900000, 0x00000000bea00000|  0%| F|  |TAMS 0x00000000be900000, 0x00000000be900000| Untracked 
|1002|0x00000000bea00000, 0x00000000bea00000, 0x00000000beb00000|  0%| F|  |TAMS 0x00000000bea00000, 0x00000000bea00000| Untracked 
|1003|0x00000000beb00000, 0x00000000beb00000, 0x00000000bec00000|  0%| F|  |TAMS 0x00000000beb00000, 0x00000000beb00000| Untracked 
|1004|0x00000000bec00000, 0x00000000bec00000, 0x00000000bed00000|  0%| F|  |TAMS 0x00000000bec00000, 0x00000000bec00000| Untracked 
|1005|0x00000000bed00000, 0x00000000bed00000, 0x00000000bee00000|  0%| F|  |TAMS 0x00000000bed00000, 0x00000000bed00000| Untracked 
|1006|0x00000000bee00000, 0x00000000bee00000, 0x00000000bef00000|  0%| F|  |TAMS 0x00000000bee00000, 0x00000000bee00000| Untracked 
|1007|0x00000000bef00000, 0x00000000bef00000, 0x00000000bf000000|  0%| F|  |TAMS 0x00000000bef00000, 0x00000000bef00000| Untracked 
|1008|0x00000000bf000000, 0x00000000bf000000, 0x00000000bf100000|  0%| F|  |TAMS 0x00000000bf000000, 0x00000000bf000000| Untracked 
|1009|0x00000000bf100000, 0x00000000bf100000, 0x00000000bf200000|  0%| F|  |TAMS 0x00000000bf100000, 0x00000000bf100000| Untracked 
|1010|0x00000000bf200000, 0x00000000bf200000, 0x00000000bf300000|  0%| F|  |TAMS 0x00000000bf200000, 0x00000000bf200000| Untracked 
|1011|0x00000000bf300000, 0x00000000bf300000, 0x00000000bf400000|  0%| F|  |TAMS 0x00000000bf300000, 0x00000000bf300000| Untracked 
|1012|0x00000000bf400000, 0x00000000bf400000, 0x00000000bf500000|  0%| F|  |TAMS 0x00000000bf400000, 0x00000000bf400000| Untracked 
|1013|0x00000000bf500000, 0x00000000bf500000, 0x00000000bf600000|  0%| F|  |TAMS 0x00000000bf500000, 0x00000000bf500000| Untracked 
|1014|0x00000000bf600000, 0x00000000bf600000, 0x00000000bf700000|  0%| F|  |TAMS 0x00000000bf600000, 0x00000000bf600000| Untracked 
|1015|0x00000000bf700000, 0x00000000bf700000, 0x00000000bf800000|  0%| F|  |TAMS 0x00000000bf700000, 0x00000000bf700000| Untracked 
|1016|0x00000000bf800000, 0x00000000bf800000, 0x00000000bf900000|  0%| F|  |TAMS 0x00000000bf800000, 0x00000000bf800000| Untracked 
|1017|0x00000000bf900000, 0x00000000bf900000, 0x00000000bfa00000|  0%| F|  |TAMS 0x00000000bf900000, 0x00000000bf900000| Untracked 
|1018|0x00000000bfa00000, 0x00000000bfa00000, 0x00000000bfb00000|  0%| F|  |TAMS 0x00000000bfa00000, 0x00000000bfa00000| Untracked 
|1019|0x00000000bfb00000, 0x00000000bfb00000, 0x00000000bfc00000|  0%| F|  |TAMS 0x00000000bfb00000, 0x00000000bfb00000| Untracked 
|1020|0x00000000bfc00000, 0x00000000bfc00000, 0x00000000bfd00000|  0%| F|  |TAMS 0x00000000bfc00000, 0x00000000bfc00000| Untracked 
|1021|0x00000000bfd00000, 0x00000000bfd00000, 0x00000000bfe00000|  0%| F|  |TAMS 0x00000000bfd00000, 0x00000000bfd00000| Untracked 
|1022|0x00000000bfe00000, 0x00000000bfe00000, 0x00000000bff00000|  0%| F|  |TAMS 0x00000000bfe00000, 0x00000000bfe00000| Untracked 
|1023|0x00000000bff00000, 0x00000000bff00000, 0x00000000c0000000|  0%| F|  |TAMS 0x00000000bff00000, 0x00000000bff00000| Untracked 
|1024|0x00000000c0000000, 0x00000000c0000000, 0x00000000c0100000|  0%| F|  |TAMS 0x00000000c0000000, 0x00000000c0000000| Untracked 
|1025|0x00000000c0100000, 0x00000000c0100000, 0x00000000c0200000|  0%| F|  |TAMS 0x00000000c0100000, 0x00000000c0100000| Untracked 
|1026|0x00000000c0200000, 0x00000000c0200000, 0x00000000c0300000|  0%| F|  |TAMS 0x00000000c0200000, 0x00000000c0200000| Untracked 
|1027|0x00000000c0300000, 0x00000000c0300000, 0x00000000c0400000|  0%| F|  |TAMS 0x00000000c0300000, 0x00000000c0300000| Untracked 
|1028|0x00000000c0400000, 0x00000000c0400000, 0x00000000c0500000|  0%| F|  |TAMS 0x00000000c0400000, 0x00000000c0400000| Untracked 
|1029|0x00000000c0500000, 0x00000000c0500000, 0x00000000c0600000|  0%| F|  |TAMS 0x00000000c0500000, 0x00000000c0500000| Untracked 
|1030|0x00000000c0600000, 0x00000000c0600000, 0x00000000c0700000|  0%| F|  |TAMS 0x00000000c0600000, 0x00000000c0600000| Untracked 
|1031|0x00000000c0700000, 0x00000000c0700000, 0x00000000c0800000|  0%| F|  |TAMS 0x00000000c0700000, 0x00000000c0700000| Untracked 
|1032|0x00000000c0800000, 0x00000000c0800000, 0x00000000c0900000|  0%| F|  |TAMS 0x00000000c0800000, 0x00000000c0800000| Untracked 
|1033|0x00000000c0900000, 0x00000000c0900000, 0x00000000c0a00000|  0%| F|  |TAMS 0x00000000c0900000, 0x00000000c0900000| Untracked 
|1034|0x00000000c0a00000, 0x00000000c0a00000, 0x00000000c0b00000|  0%| F|  |TAMS 0x00000000c0a00000, 0x00000000c0a00000| Untracked 
|1035|0x00000000c0b00000, 0x00000000c0b00000, 0x00000000c0c00000|  0%| F|  |TAMS 0x00000000c0b00000, 0x00000000c0b00000| Untracked 
|1036|0x00000000c0c00000, 0x00000000c0c00000, 0x00000000c0d00000|  0%| F|  |TAMS 0x00000000c0c00000, 0x00000000c0c00000| Untracked 
|1037|0x00000000c0d00000, 0x00000000c0d00000, 0x00000000c0e00000|  0%| F|  |TAMS 0x00000000c0d00000, 0x00000000c0d00000| Untracked 
|1038|0x00000000c0e00000, 0x00000000c0e00000, 0x00000000c0f00000|  0%| F|  |TAMS 0x00000000c0e00000, 0x00000000c0e00000| Untracked 
|1039|0x00000000c0f00000, 0x00000000c0f00000, 0x00000000c1000000|  0%| F|  |TAMS 0x00000000c0f00000, 0x00000000c0f00000| Untracked 
|1040|0x00000000c1000000, 0x00000000c1000000, 0x00000000c1100000|  0%| F|  |TAMS 0x00000000c1000000, 0x00000000c1000000| Untracked 
|1041|0x00000000c1100000, 0x00000000c1100000, 0x00000000c1200000|  0%| F|  |TAMS 0x00000000c1100000, 0x00000000c1100000| Untracked 
|1042|0x00000000c1200000, 0x00000000c1200000, 0x00000000c1300000|  0%| F|  |TAMS 0x00000000c1200000, 0x00000000c1200000| Untracked 
|1043|0x00000000c1300000, 0x00000000c1300000, 0x00000000c1400000|  0%| F|  |TAMS 0x00000000c1300000, 0x00000000c1300000| Untracked 
|1044|0x00000000c1400000, 0x00000000c1400000, 0x00000000c1500000|  0%| F|  |TAMS 0x00000000c1400000, 0x00000000c1400000| Untracked 
|1045|0x00000000c1500000, 0x00000000c1500000, 0x00000000c1600000|  0%| F|  |TAMS 0x00000000c1500000, 0x00000000c1500000| Untracked 
|1046|0x00000000c1600000, 0x00000000c1600000, 0x00000000c1700000|  0%| F|  |TAMS 0x00000000c1600000, 0x00000000c1600000| Untracked 
|1047|0x00000000c1700000, 0x00000000c1700000, 0x00000000c1800000|  0%| F|  |TAMS 0x00000000c1700000, 0x00000000c1700000| Untracked 
|1048|0x00000000c1800000, 0x00000000c1800000, 0x00000000c1900000|  0%| F|  |TAMS 0x00000000c1800000, 0x00000000c1800000| Untracked 
|1049|0x00000000c1900000, 0x00000000c1900000, 0x00000000c1a00000|  0%| F|  |TAMS 0x00000000c1900000, 0x00000000c1900000| Untracked 
|1050|0x00000000c1a00000, 0x00000000c1a00000, 0x00000000c1b00000|  0%| F|  |TAMS 0x00000000c1a00000, 0x00000000c1a00000| Untracked 
|1051|0x00000000c1b00000, 0x00000000c1b00000, 0x00000000c1c00000|  0%| F|  |TAMS 0x00000000c1b00000, 0x00000000c1b00000| Untracked 
|1052|0x00000000c1c00000, 0x00000000c1c00000, 0x00000000c1d00000|  0%| F|  |TAMS 0x00000000c1c00000, 0x00000000c1c00000| Untracked 
|1053|0x00000000c1d00000, 0x00000000c1d00000, 0x00000000c1e00000|  0%| F|  |TAMS 0x00000000c1d00000, 0x00000000c1d00000| Untracked 
|1054|0x00000000c1e00000, 0x00000000c1e00000, 0x00000000c1f00000|  0%| F|  |TAMS 0x00000000c1e00000, 0x00000000c1e00000| Untracked 
|1055|0x00000000c1f00000, 0x00000000c1f00000, 0x00000000c2000000|  0%| F|  |TAMS 0x00000000c1f00000, 0x00000000c1f00000| Untracked 
|1056|0x00000000c2000000, 0x00000000c2000000, 0x00000000c2100000|  0%| F|  |TAMS 0x00000000c2000000, 0x00000000c2000000| Untracked 
|1057|0x00000000c2100000, 0x00000000c2100000, 0x00000000c2200000|  0%| F|  |TAMS 0x00000000c2100000, 0x00000000c2100000| Untracked 
|1058|0x00000000c2200000, 0x00000000c2200000, 0x00000000c2300000|  0%| F|  |TAMS 0x00000000c2200000, 0x00000000c2200000| Untracked 
|1059|0x00000000c2300000, 0x00000000c2300000, 0x00000000c2400000|  0%| F|  |TAMS 0x00000000c2300000, 0x00000000c2300000| Untracked 
|1060|0x00000000c2400000, 0x00000000c2400000, 0x00000000c2500000|  0%| F|  |TAMS 0x00000000c2400000, 0x00000000c2400000| Untracked 
|1061|0x00000000c2500000, 0x00000000c2500000, 0x00000000c2600000|  0%| F|  |TAMS 0x00000000c2500000, 0x00000000c2500000| Untracked 
|1062|0x00000000c2600000, 0x00000000c2600000, 0x00000000c2700000|  0%| F|  |TAMS 0x00000000c2600000, 0x00000000c2600000| Untracked 
|1063|0x00000000c2700000, 0x00000000c2700000, 0x00000000c2800000|  0%| F|  |TAMS 0x00000000c2700000, 0x00000000c2700000| Untracked 
|1064|0x00000000c2800000, 0x00000000c2800000, 0x00000000c2900000|  0%| F|  |TAMS 0x00000000c2800000, 0x00000000c2800000| Untracked 
|1065|0x00000000c2900000, 0x00000000c2900000, 0x00000000c2a00000|  0%| F|  |TAMS 0x00000000c2900000, 0x00000000c2900000| Untracked 
|1066|0x00000000c2a00000, 0x00000000c2a00000, 0x00000000c2b00000|  0%| F|  |TAMS 0x00000000c2a00000, 0x00000000c2a00000| Untracked 
|1067|0x00000000c2b00000, 0x00000000c2b55c60, 0x00000000c2c00000| 33%| S|CS|TAMS 0x00000000c2b00000, 0x00000000c2b00000| Complete 
|1068|0x00000000c2c00000, 0x00000000c2d00000, 0x00000000c2d00000|100%| S|CS|TAMS 0x00000000c2c00000, 0x00000000c2c00000| Complete 
|1069|0x00000000c2d00000, 0x00000000c2e00000, 0x00000000c2e00000|100%| S|CS|TAMS 0x00000000c2d00000, 0x00000000c2d00000| Complete 
|1070|0x00000000c2e00000, 0x00000000c2f00000, 0x00000000c2f00000|100%| S|CS|TAMS 0x00000000c2e00000, 0x00000000c2e00000| Complete 
|1071|0x00000000c2f00000, 0x00000000c3000000, 0x00000000c3000000|100%| S|CS|TAMS 0x00000000c2f00000, 0x00000000c2f00000| Complete 
|1072|0x00000000c3000000, 0x00000000c3100000, 0x00000000c3100000|100%| S|CS|TAMS 0x00000000c3000000, 0x00000000c3000000| Complete 
|1073|0x00000000c3100000, 0x00000000c3200000, 0x00000000c3200000|100%| S|CS|TAMS 0x00000000c3100000, 0x00000000c3100000| Complete 
|1074|0x00000000c3200000, 0x00000000c3300000, 0x00000000c3300000|100%| S|CS|TAMS 0x00000000c3200000, 0x00000000c3200000| Complete 
|1075|0x00000000c3300000, 0x00000000c3400000, 0x00000000c3400000|100%| S|CS|TAMS 0x00000000c3300000, 0x00000000c3300000| Complete 
|1076|0x00000000c3400000, 0x00000000c3500000, 0x00000000c3500000|100%| S|CS|TAMS 0x00000000c3400000, 0x00000000c3400000| Complete 
|1077|0x00000000c3500000, 0x00000000c3600000, 0x00000000c3600000|100%| S|CS|TAMS 0x00000000c3500000, 0x00000000c3500000| Complete 
|1078|0x00000000c3600000, 0x00000000c3700000, 0x00000000c3700000|100%| S|CS|TAMS 0x00000000c3600000, 0x00000000c3600000| Complete 
|1079|0x00000000c3700000, 0x00000000c3800000, 0x00000000c3800000|100%| S|CS|TAMS 0x00000000c3700000, 0x00000000c3700000| Complete 
|1080|0x00000000c3800000, 0x00000000c3900000, 0x00000000c3900000|100%| S|CS|TAMS 0x00000000c3800000, 0x00000000c3800000| Complete 
|1081|0x00000000c3900000, 0x00000000c3a00000, 0x00000000c3a00000|100%| S|CS|TAMS 0x00000000c3900000, 0x00000000c3900000| Complete 
|1082|0x00000000c3a00000, 0x00000000c3b00000, 0x00000000c3b00000|100%| S|CS|TAMS 0x00000000c3a00000, 0x00000000c3a00000| Complete 
|1083|0x00000000c3b00000, 0x00000000c3c00000, 0x00000000c3c00000|100%| S|CS|TAMS 0x00000000c3b00000, 0x00000000c3b00000| Complete 
|1084|0x00000000c3c00000, 0x00000000c3c00000, 0x00000000c3d00000|  0%| F|  |TAMS 0x00000000c3c00000, 0x00000000c3c00000| Untracked 
|1085|0x00000000c3d00000, 0x00000000c3d00000, 0x00000000c3e00000|  0%| F|  |TAMS 0x00000000c3d00000, 0x00000000c3d00000| Untracked 
|1086|0x00000000c3e00000, 0x00000000c3e00000, 0x00000000c3f00000|  0%| F|  |TAMS 0x00000000c3e00000, 0x00000000c3e00000| Untracked 
|1087|0x00000000c3f00000, 0x00000000c3f00000, 0x00000000c4000000|  0%| F|  |TAMS 0x00000000c3f00000, 0x00000000c3f00000| Untracked 
|1088|0x00000000c4000000, 0x00000000c4000000, 0x00000000c4100000|  0%| F|  |TAMS 0x00000000c4000000, 0x00000000c4000000| Untracked 
|1089|0x00000000c4100000, 0x00000000c4100000, 0x00000000c4200000|  0%| F|  |TAMS 0x00000000c4100000, 0x00000000c4100000| Untracked 
|1090|0x00000000c4200000, 0x00000000c4200000, 0x00000000c4300000|  0%| F|  |TAMS 0x00000000c4200000, 0x00000000c4200000| Untracked 
|1091|0x00000000c4300000, 0x00000000c4300000, 0x00000000c4400000|  0%| F|  |TAMS 0x00000000c4300000, 0x00000000c4300000| Untracked 
|1092|0x00000000c4400000, 0x00000000c4400000, 0x00000000c4500000|  0%| F|  |TAMS 0x00000000c4400000, 0x00000000c4400000| Untracked 
|1093|0x00000000c4500000, 0x00000000c4500000, 0x00000000c4600000|  0%| F|  |TAMS 0x00000000c4500000, 0x00000000c4500000| Untracked 
|1094|0x00000000c4600000, 0x00000000c4600000, 0x00000000c4700000|  0%| F|  |TAMS 0x00000000c4600000, 0x00000000c4600000| Untracked 
|1095|0x00000000c4700000, 0x00000000c4700000, 0x00000000c4800000|  0%| F|  |TAMS 0x00000000c4700000, 0x00000000c4700000| Untracked 
|1096|0x00000000c4800000, 0x00000000c4800000, 0x00000000c4900000|  0%| F|  |TAMS 0x00000000c4800000, 0x00000000c4800000| Untracked 
|1097|0x00000000c4900000, 0x00000000c4900000, 0x00000000c4a00000|  0%| F|  |TAMS 0x00000000c4900000, 0x00000000c4900000| Untracked 
|1098|0x00000000c4a00000, 0x00000000c4a00000, 0x00000000c4b00000|  0%| F|  |TAMS 0x00000000c4a00000, 0x00000000c4a00000| Untracked 
|1099|0x00000000c4b00000, 0x00000000c4b00000, 0x00000000c4c00000|  0%| F|  |TAMS 0x00000000c4b00000, 0x00000000c4b00000| Untracked 
|1100|0x00000000c4c00000, 0x00000000c4c00000, 0x00000000c4d00000|  0%| F|  |TAMS 0x00000000c4c00000, 0x00000000c4c00000| Untracked 
|1101|0x00000000c4d00000, 0x00000000c4d00000, 0x00000000c4e00000|  0%| F|  |TAMS 0x00000000c4d00000, 0x00000000c4d00000| Untracked 
|1102|0x00000000c4e00000, 0x00000000c4e00000, 0x00000000c4f00000|  0%| F|  |TAMS 0x00000000c4e00000, 0x00000000c4e00000| Untracked 
|1103|0x00000000c4f00000, 0x00000000c4f00000, 0x00000000c5000000|  0%| F|  |TAMS 0x00000000c4f00000, 0x00000000c4f00000| Untracked 
|1104|0x00000000c5000000, 0x00000000c5000000, 0x00000000c5100000|  0%| F|  |TAMS 0x00000000c5000000, 0x00000000c5000000| Untracked 
|1105|0x00000000c5100000, 0x00000000c5100000, 0x00000000c5200000|  0%| F|  |TAMS 0x00000000c5100000, 0x00000000c5100000| Untracked 
|1106|0x00000000c5200000, 0x00000000c5200000, 0x00000000c5300000|  0%| F|  |TAMS 0x00000000c5200000, 0x00000000c5200000| Untracked 
|1107|0x00000000c5300000, 0x00000000c5300000, 0x00000000c5400000|  0%| F|  |TAMS 0x00000000c5300000, 0x00000000c5300000| Untracked 
|1108|0x00000000c5400000, 0x00000000c5400000, 0x00000000c5500000|  0%| F|  |TAMS 0x00000000c5400000, 0x00000000c5400000| Untracked 
|1109|0x00000000c5500000, 0x00000000c5500000, 0x00000000c5600000|  0%| F|  |TAMS 0x00000000c5500000, 0x00000000c5500000| Untracked 
|1110|0x00000000c5600000, 0x00000000c5600000, 0x00000000c5700000|  0%| F|  |TAMS 0x00000000c5600000, 0x00000000c5600000| Untracked 
|1111|0x00000000c5700000, 0x00000000c5700000, 0x00000000c5800000|  0%| F|  |TAMS 0x00000000c5700000, 0x00000000c5700000| Untracked 
|1112|0x00000000c5800000, 0x00000000c5800000, 0x00000000c5900000|  0%| F|  |TAMS 0x00000000c5800000, 0x00000000c5800000| Untracked 
|1113|0x00000000c5900000, 0x00000000c5900000, 0x00000000c5a00000|  0%| F|  |TAMS 0x00000000c5900000, 0x00000000c5900000| Untracked 
|1114|0x00000000c5a00000, 0x00000000c5a00000, 0x00000000c5b00000|  0%| F|  |TAMS 0x00000000c5a00000, 0x00000000c5a00000| Untracked 
|1115|0x00000000c5b00000, 0x00000000c5b00000, 0x00000000c5c00000|  0%| F|  |TAMS 0x00000000c5b00000, 0x00000000c5b00000| Untracked 
|1116|0x00000000c5c00000, 0x00000000c5c00000, 0x00000000c5d00000|  0%| F|  |TAMS 0x00000000c5c00000, 0x00000000c5c00000| Untracked 
|1117|0x00000000c5d00000, 0x00000000c5d00000, 0x00000000c5e00000|  0%| F|  |TAMS 0x00000000c5d00000, 0x00000000c5d00000| Untracked 
|1118|0x00000000c5e00000, 0x00000000c5e00000, 0x00000000c5f00000|  0%| F|  |TAMS 0x00000000c5e00000, 0x00000000c5e00000| Untracked 
|1119|0x00000000c5f00000, 0x00000000c5f00000, 0x00000000c6000000|  0%| F|  |TAMS 0x00000000c5f00000, 0x00000000c5f00000| Untracked 
|1120|0x00000000c6000000, 0x00000000c6000000, 0x00000000c6100000|  0%| F|  |TAMS 0x00000000c6000000, 0x00000000c6000000| Untracked 
|1121|0x00000000c6100000, 0x00000000c6100000, 0x00000000c6200000|  0%| F|  |TAMS 0x00000000c6100000, 0x00000000c6100000| Untracked 
|1122|0x00000000c6200000, 0x00000000c6200000, 0x00000000c6300000|  0%| F|  |TAMS 0x00000000c6200000, 0x00000000c6200000| Untracked 
|1123|0x00000000c6300000, 0x00000000c6300000, 0x00000000c6400000|  0%| F|  |TAMS 0x00000000c6300000, 0x00000000c6300000| Untracked 
|1124|0x00000000c6400000, 0x00000000c6400000, 0x00000000c6500000|  0%| F|  |TAMS 0x00000000c6400000, 0x00000000c6400000| Untracked 
|1125|0x00000000c6500000, 0x00000000c6500000, 0x00000000c6600000|  0%| F|  |TAMS 0x00000000c6500000, 0x00000000c6500000| Untracked 
|1126|0x00000000c6600000, 0x00000000c6600000, 0x00000000c6700000|  0%| F|  |TAMS 0x00000000c6600000, 0x00000000c6600000| Untracked 
|1127|0x00000000c6700000, 0x00000000c6700000, 0x00000000c6800000|  0%| F|  |TAMS 0x00000000c6700000, 0x00000000c6700000| Untracked 
|1128|0x00000000c6800000, 0x00000000c6800000, 0x00000000c6900000|  0%| F|  |TAMS 0x00000000c6800000, 0x00000000c6800000| Untracked 
|1129|0x00000000c6900000, 0x00000000c6900000, 0x00000000c6a00000|  0%| F|  |TAMS 0x00000000c6900000, 0x00000000c6900000| Untracked 
|1130|0x00000000c6a00000, 0x00000000c6a00000, 0x00000000c6b00000|  0%| F|  |TAMS 0x00000000c6a00000, 0x00000000c6a00000| Untracked 
|1131|0x00000000c6b00000, 0x00000000c6b00000, 0x00000000c6c00000|  0%| F|  |TAMS 0x00000000c6b00000, 0x00000000c6b00000| Untracked 
|1132|0x00000000c6c00000, 0x00000000c6c00000, 0x00000000c6d00000|  0%| F|  |TAMS 0x00000000c6c00000, 0x00000000c6c00000| Untracked 
|1133|0x00000000c6d00000, 0x00000000c6d00000, 0x00000000c6e00000|  0%| F|  |TAMS 0x00000000c6d00000, 0x00000000c6d00000| Untracked 
|1134|0x00000000c6e00000, 0x00000000c6e00000, 0x00000000c6f00000|  0%| F|  |TAMS 0x00000000c6e00000, 0x00000000c6e00000| Untracked 
|1135|0x00000000c6f00000, 0x00000000c6f00000, 0x00000000c7000000|  0%| F|  |TAMS 0x00000000c6f00000, 0x00000000c6f00000| Untracked 
|1136|0x00000000c7000000, 0x00000000c7000000, 0x00000000c7100000|  0%| F|  |TAMS 0x00000000c7000000, 0x00000000c7000000| Untracked 
|1137|0x00000000c7100000, 0x00000000c7100000, 0x00000000c7200000|  0%| F|  |TAMS 0x00000000c7100000, 0x00000000c7100000| Untracked 
|1138|0x00000000c7200000, 0x00000000c7200000, 0x00000000c7300000|  0%| F|  |TAMS 0x00000000c7200000, 0x00000000c7200000| Untracked 
|1139|0x00000000c7300000, 0x00000000c7300000, 0x00000000c7400000|  0%| F|  |TAMS 0x00000000c7300000, 0x00000000c7300000| Untracked 
|1140|0x00000000c7400000, 0x00000000c7400000, 0x00000000c7500000|  0%| F|  |TAMS 0x00000000c7400000, 0x00000000c7400000| Untracked 
|1141|0x00000000c7500000, 0x00000000c7500000, 0x00000000c7600000|  0%| F|  |TAMS 0x00000000c7500000, 0x00000000c7500000| Untracked 
|1142|0x00000000c7600000, 0x00000000c7600000, 0x00000000c7700000|  0%| F|  |TAMS 0x00000000c7600000, 0x00000000c7600000| Untracked 
|1143|0x00000000c7700000, 0x00000000c7700000, 0x00000000c7800000|  0%| F|  |TAMS 0x00000000c7700000, 0x00000000c7700000| Untracked 
|1144|0x00000000c7800000, 0x00000000c7800000, 0x00000000c7900000|  0%| F|  |TAMS 0x00000000c7800000, 0x00000000c7800000| Untracked 
|1145|0x00000000c7900000, 0x00000000c7900000, 0x00000000c7a00000|  0%| F|  |TAMS 0x00000000c7900000, 0x00000000c7900000| Untracked 
|1146|0x00000000c7a00000, 0x00000000c7a00000, 0x00000000c7b00000|  0%| F|  |TAMS 0x00000000c7a00000, 0x00000000c7a00000| Untracked 
|1147|0x00000000c7b00000, 0x00000000c7b00000, 0x00000000c7c00000|  0%| F|  |TAMS 0x00000000c7b00000, 0x00000000c7b00000| Untracked 
|1148|0x00000000c7c00000, 0x00000000c7c00000, 0x00000000c7d00000|  0%| F|  |TAMS 0x00000000c7c00000, 0x00000000c7c00000| Untracked 
|1149|0x00000000c7d00000, 0x00000000c7d00000, 0x00000000c7e00000|  0%| F|  |TAMS 0x00000000c7d00000, 0x00000000c7d00000| Untracked 
|1150|0x00000000c7e00000, 0x00000000c7e00000, 0x00000000c7f00000|  0%| F|  |TAMS 0x00000000c7e00000, 0x00000000c7e00000| Untracked 
|1151|0x00000000c7f00000, 0x00000000c7f00000, 0x00000000c8000000|  0%| F|  |TAMS 0x00000000c7f00000, 0x00000000c7f00000| Untracked 
|1152|0x00000000c8000000, 0x00000000c8000000, 0x00000000c8100000|  0%| F|  |TAMS 0x00000000c8000000, 0x00000000c8000000| Untracked 
|1153|0x00000000c8100000, 0x00000000c8100000, 0x00000000c8200000|  0%| F|  |TAMS 0x00000000c8100000, 0x00000000c8100000| Untracked 
|1154|0x00000000c8200000, 0x00000000c8200000, 0x00000000c8300000|  0%| F|  |TAMS 0x00000000c8200000, 0x00000000c8200000| Untracked 
|1155|0x00000000c8300000, 0x00000000c8300000, 0x00000000c8400000|  0%| F|  |TAMS 0x00000000c8300000, 0x00000000c8300000| Untracked 
|1156|0x00000000c8400000, 0x00000000c8400000, 0x00000000c8500000|  0%| F|  |TAMS 0x00000000c8400000, 0x00000000c8400000| Untracked 
|1157|0x00000000c8500000, 0x00000000c8500000, 0x00000000c8600000|  0%| F|  |TAMS 0x00000000c8500000, 0x00000000c8500000| Untracked 
|1158|0x00000000c8600000, 0x00000000c8600000, 0x00000000c8700000|  0%| F|  |TAMS 0x00000000c8600000, 0x00000000c8600000| Untracked 
|1159|0x00000000c8700000, 0x00000000c8700000, 0x00000000c8800000|  0%| F|  |TAMS 0x00000000c8700000, 0x00000000c8700000| Untracked 
|1160|0x00000000c8800000, 0x00000000c8800000, 0x00000000c8900000|  0%| F|  |TAMS 0x00000000c8800000, 0x00000000c8800000| Untracked 
|1161|0x00000000c8900000, 0x00000000c8900000, 0x00000000c8a00000|  0%| F|  |TAMS 0x00000000c8900000, 0x00000000c8900000| Untracked 
|1162|0x00000000c8a00000, 0x00000000c8a00000, 0x00000000c8b00000|  0%| F|  |TAMS 0x00000000c8a00000, 0x00000000c8a00000| Untracked 
|1163|0x00000000c8b00000, 0x00000000c8b00000, 0x00000000c8c00000|  0%| F|  |TAMS 0x00000000c8b00000, 0x00000000c8b00000| Untracked 
|1164|0x00000000c8c00000, 0x00000000c8c00000, 0x00000000c8d00000|  0%| F|  |TAMS 0x00000000c8c00000, 0x00000000c8c00000| Untracked 
|1165|0x00000000c8d00000, 0x00000000c8d00000, 0x00000000c8e00000|  0%| F|  |TAMS 0x00000000c8d00000, 0x00000000c8d00000| Untracked 
|1166|0x00000000c8e00000, 0x00000000c8e00000, 0x00000000c8f00000|  0%| F|  |TAMS 0x00000000c8e00000, 0x00000000c8e00000| Untracked 
|1167|0x00000000c8f00000, 0x00000000c8f00000, 0x00000000c9000000|  0%| F|  |TAMS 0x00000000c8f00000, 0x00000000c8f00000| Untracked 
|1168|0x00000000c9000000, 0x00000000c9000000, 0x00000000c9100000|  0%| F|  |TAMS 0x00000000c9000000, 0x00000000c9000000| Untracked 
|1169|0x00000000c9100000, 0x00000000c9100000, 0x00000000c9200000|  0%| F|  |TAMS 0x00000000c9100000, 0x00000000c9100000| Untracked 
|1170|0x00000000c9200000, 0x00000000c9200000, 0x00000000c9300000|  0%| F|  |TAMS 0x00000000c9200000, 0x00000000c9200000| Untracked 
|1171|0x00000000c9300000, 0x00000000c9300000, 0x00000000c9400000|  0%| F|  |TAMS 0x00000000c9300000, 0x00000000c9300000| Untracked 
|1172|0x00000000c9400000, 0x00000000c9400000, 0x00000000c9500000|  0%| F|  |TAMS 0x00000000c9400000, 0x00000000c9400000| Untracked 
|1173|0x00000000c9500000, 0x00000000c9500000, 0x00000000c9600000|  0%| F|  |TAMS 0x00000000c9500000, 0x00000000c9500000| Untracked 
|1174|0x00000000c9600000, 0x00000000c9600000, 0x00000000c9700000|  0%| F|  |TAMS 0x00000000c9600000, 0x00000000c9600000| Untracked 
|1175|0x00000000c9700000, 0x00000000c9700000, 0x00000000c9800000|  0%| F|  |TAMS 0x00000000c9700000, 0x00000000c9700000| Untracked 
|1176|0x00000000c9800000, 0x00000000c9800000, 0x00000000c9900000|  0%| F|  |TAMS 0x00000000c9800000, 0x00000000c9800000| Untracked 
|1177|0x00000000c9900000, 0x00000000c9900000, 0x00000000c9a00000|  0%| F|  |TAMS 0x00000000c9900000, 0x00000000c9900000| Untracked 
|1178|0x00000000c9a00000, 0x00000000c9a00000, 0x00000000c9b00000|  0%| F|  |TAMS 0x00000000c9a00000, 0x00000000c9a00000| Untracked 
|1179|0x00000000c9b00000, 0x00000000c9b00000, 0x00000000c9c00000|  0%| F|  |TAMS 0x00000000c9b00000, 0x00000000c9b00000| Untracked 
|1180|0x00000000c9c00000, 0x00000000c9c00000, 0x00000000c9d00000|  0%| F|  |TAMS 0x00000000c9c00000, 0x00000000c9c00000| Untracked 
|1181|0x00000000c9d00000, 0x00000000c9d00000, 0x00000000c9e00000|  0%| F|  |TAMS 0x00000000c9d00000, 0x00000000c9d00000| Untracked 
|1182|0x00000000c9e00000, 0x00000000c9e00000, 0x00000000c9f00000|  0%| F|  |TAMS 0x00000000c9e00000, 0x00000000c9e00000| Untracked 
|1183|0x00000000c9f00000, 0x00000000c9f00000, 0x00000000ca000000|  0%| F|  |TAMS 0x00000000c9f00000, 0x00000000c9f00000| Untracked 
|1184|0x00000000ca000000, 0x00000000ca000000, 0x00000000ca100000|  0%| F|  |TAMS 0x00000000ca000000, 0x00000000ca000000| Untracked 
|1185|0x00000000ca100000, 0x00000000ca100000, 0x00000000ca200000|  0%| F|  |TAMS 0x00000000ca100000, 0x00000000ca100000| Untracked 
|1186|0x00000000ca200000, 0x00000000ca200000, 0x00000000ca300000|  0%| F|  |TAMS 0x00000000ca200000, 0x00000000ca200000| Untracked 
|1187|0x00000000ca300000, 0x00000000ca300000, 0x00000000ca400000|  0%| F|  |TAMS 0x00000000ca300000, 0x00000000ca300000| Untracked 
|1188|0x00000000ca400000, 0x00000000ca400000, 0x00000000ca500000|  0%| F|  |TAMS 0x00000000ca400000, 0x00000000ca400000| Untracked 
|1189|0x00000000ca500000, 0x00000000ca500000, 0x00000000ca600000|  0%| F|  |TAMS 0x00000000ca500000, 0x00000000ca500000| Untracked 
|1190|0x00000000ca600000, 0x00000000ca600000, 0x00000000ca700000|  0%| F|  |TAMS 0x00000000ca600000, 0x00000000ca600000| Untracked 
|1191|0x00000000ca700000, 0x00000000ca700000, 0x00000000ca800000|  0%| F|  |TAMS 0x00000000ca700000, 0x00000000ca700000| Untracked 
|1192|0x00000000ca800000, 0x00000000ca800000, 0x00000000ca900000|  0%| F|  |TAMS 0x00000000ca800000, 0x00000000ca800000| Untracked 
|1193|0x00000000ca900000, 0x00000000ca900000, 0x00000000caa00000|  0%| F|  |TAMS 0x00000000ca900000, 0x00000000ca900000| Untracked 
|1194|0x00000000caa00000, 0x00000000caa00000, 0x00000000cab00000|  0%| F|  |TAMS 0x00000000caa00000, 0x00000000caa00000| Untracked 
|1195|0x00000000cab00000, 0x00000000cab00000, 0x00000000cac00000|  0%| F|  |TAMS 0x00000000cab00000, 0x00000000cab00000| Untracked 
|1196|0x00000000cac00000, 0x00000000cac00000, 0x00000000cad00000|  0%| F|  |TAMS 0x00000000cac00000, 0x00000000cac00000| Untracked 
|1197|0x00000000cad00000, 0x00000000cad00000, 0x00000000cae00000|  0%| F|  |TAMS 0x00000000cad00000, 0x00000000cad00000| Untracked 
|1198|0x00000000cae00000, 0x00000000cae0a260, 0x00000000caf00000|  3%| E|  |TAMS 0x00000000cae00000, 0x00000000cae00000| Complete 
|1199|0x00000000caf00000, 0x00000000cb000000, 0x00000000cb000000|100%| E|CS|TAMS 0x00000000caf00000, 0x00000000caf00000| Complete 
|1200|0x00000000cb000000, 0x00000000cb100000, 0x00000000cb100000|100%| E|CS|TAMS 0x00000000cb000000, 0x00000000cb000000| Complete 
|1201|0x00000000cb100000, 0x00000000cb200000, 0x00000000cb200000|100%| E|CS|TAMS 0x00000000cb100000, 0x00000000cb100000| Complete 
|1202|0x00000000cb200000, 0x00000000cb300000, 0x00000000cb300000|100%| E|CS|TAMS 0x00000000cb200000, 0x00000000cb200000| Complete 
|1203|0x00000000cb300000, 0x00000000cb400000, 0x00000000cb400000|100%| E|CS|TAMS 0x00000000cb300000, 0x00000000cb300000| Complete 
|1204|0x00000000cb400000, 0x00000000cb500000, 0x00000000cb500000|100%| E|CS|TAMS 0x00000000cb400000, 0x00000000cb400000| Complete 
|1205|0x00000000cb500000, 0x00000000cb600000, 0x00000000cb600000|100%| E|CS|TAMS 0x00000000cb500000, 0x00000000cb500000| Complete 
|1206|0x00000000cb600000, 0x00000000cb700000, 0x00000000cb700000|100%| E|CS|TAMS 0x00000000cb600000, 0x00000000cb600000| Complete 
|1207|0x00000000cb700000, 0x00000000cb800000, 0x00000000cb800000|100%| E|CS|TAMS 0x00000000cb700000, 0x00000000cb700000| Complete 
|1208|0x00000000cb800000, 0x00000000cb900000, 0x00000000cb900000|100%| E|CS|TAMS 0x00000000cb800000, 0x00000000cb800000| Complete 
|1209|0x00000000cb900000, 0x00000000cba00000, 0x00000000cba00000|100%| E|CS|TAMS 0x00000000cb900000, 0x00000000cb900000| Complete 
|1210|0x00000000cba00000, 0x00000000cbb00000, 0x00000000cbb00000|100%| E|CS|TAMS 0x00000000cba00000, 0x00000000cba00000| Complete 
|1211|0x00000000cbb00000, 0x00000000cbc00000, 0x00000000cbc00000|100%| E|CS|TAMS 0x00000000cbb00000, 0x00000000cbb00000| Complete 
|1212|0x00000000cbc00000, 0x00000000cbd00000, 0x00000000cbd00000|100%| E|CS|TAMS 0x00000000cbc00000, 0x00000000cbc00000| Complete 
|1213|0x00000000cbd00000, 0x00000000cbe00000, 0x00000000cbe00000|100%| E|CS|TAMS 0x00000000cbd00000, 0x00000000cbd00000| Complete 
|1214|0x00000000cbe00000, 0x00000000cbf00000, 0x00000000cbf00000|100%| E|CS|TAMS 0x00000000cbe00000, 0x00000000cbe00000| Complete 
|1215|0x00000000cbf00000, 0x00000000cc000000, 0x00000000cc000000|100%| E|CS|TAMS 0x00000000cbf00000, 0x00000000cbf00000| Complete 
|1216|0x00000000cc000000, 0x00000000cc100000, 0x00000000cc100000|100%| E|CS|TAMS 0x00000000cc000000, 0x00000000cc000000| Complete 
|1217|0x00000000cc100000, 0x00000000cc200000, 0x00000000cc200000|100%| E|CS|TAMS 0x00000000cc100000, 0x00000000cc100000| Complete 
|1218|0x00000000cc200000, 0x00000000cc300000, 0x00000000cc300000|100%| E|CS|TAMS 0x00000000cc200000, 0x00000000cc200000| Complete 
|1219|0x00000000cc300000, 0x00000000cc400000, 0x00000000cc400000|100%| E|CS|TAMS 0x00000000cc300000, 0x00000000cc300000| Complete 
|1220|0x00000000cc400000, 0x00000000cc500000, 0x00000000cc500000|100%| E|CS|TAMS 0x00000000cc400000, 0x00000000cc400000| Complete 
|1221|0x00000000cc500000, 0x00000000cc600000, 0x00000000cc600000|100%| E|CS|TAMS 0x00000000cc500000, 0x00000000cc500000| Complete 
|1222|0x00000000cc600000, 0x00000000cc700000, 0x00000000cc700000|100%| E|CS|TAMS 0x00000000cc600000, 0x00000000cc600000| Complete 
|1223|0x00000000cc700000, 0x00000000cc800000, 0x00000000cc800000|100%| E|CS|TAMS 0x00000000cc700000, 0x00000000cc700000| Complete 
|1224|0x00000000cc800000, 0x00000000cc900000, 0x00000000cc900000|100%| E|CS|TAMS 0x00000000cc800000, 0x00000000cc800000| Complete 
|1225|0x00000000cc900000, 0x00000000cca00000, 0x00000000cca00000|100%| E|CS|TAMS 0x00000000cc900000, 0x00000000cc900000| Complete 
|1226|0x00000000cca00000, 0x00000000ccb00000, 0x00000000ccb00000|100%| E|CS|TAMS 0x00000000cca00000, 0x00000000cca00000| Complete 
|1227|0x00000000ccb00000, 0x00000000ccc00000, 0x00000000ccc00000|100%| E|CS|TAMS 0x00000000ccb00000, 0x00000000ccb00000| Complete 
|1228|0x00000000ccc00000, 0x00000000ccd00000, 0x00000000ccd00000|100%| E|CS|TAMS 0x00000000ccc00000, 0x00000000ccc00000| Complete 
|1229|0x00000000ccd00000, 0x00000000cce00000, 0x00000000cce00000|100%| E|CS|TAMS 0x00000000ccd00000, 0x00000000ccd00000| Complete 
|1230|0x00000000cce00000, 0x00000000ccf00000, 0x00000000ccf00000|100%| E|CS|TAMS 0x00000000cce00000, 0x00000000cce00000| Complete 
|1231|0x00000000ccf00000, 0x00000000cd000000, 0x00000000cd000000|100%| E|CS|TAMS 0x00000000ccf00000, 0x00000000ccf00000| Complete 
|1232|0x00000000cd000000, 0x00000000cd100000, 0x00000000cd100000|100%| E|CS|TAMS 0x00000000cd000000, 0x00000000cd000000| Complete 
|1233|0x00000000cd100000, 0x00000000cd200000, 0x00000000cd200000|100%| E|CS|TAMS 0x00000000cd100000, 0x00000000cd100000| Complete 
|1234|0x00000000cd200000, 0x00000000cd300000, 0x00000000cd300000|100%| E|CS|TAMS 0x00000000cd200000, 0x00000000cd200000| Complete 
|1235|0x00000000cd300000, 0x00000000cd400000, 0x00000000cd400000|100%| E|CS|TAMS 0x00000000cd300000, 0x00000000cd300000| Complete 
|1236|0x00000000cd400000, 0x00000000cd500000, 0x00000000cd500000|100%| E|CS|TAMS 0x00000000cd400000, 0x00000000cd400000| Complete 
|1237|0x00000000cd500000, 0x00000000cd600000, 0x00000000cd600000|100%| E|CS|TAMS 0x00000000cd500000, 0x00000000cd500000| Complete 
|1238|0x00000000cd600000, 0x00000000cd700000, 0x00000000cd700000|100%| E|CS|TAMS 0x00000000cd600000, 0x00000000cd600000| Complete 
|1239|0x00000000cd700000, 0x00000000cd800000, 0x00000000cd800000|100%| E|CS|TAMS 0x00000000cd700000, 0x00000000cd700000| Complete 
|1240|0x00000000cd800000, 0x00000000cd900000, 0x00000000cd900000|100%| E|CS|TAMS 0x00000000cd800000, 0x00000000cd800000| Complete 
|1241|0x00000000cd900000, 0x00000000cda00000, 0x00000000cda00000|100%| E|CS|TAMS 0x00000000cd900000, 0x00000000cd900000| Complete 
|1242|0x00000000cda00000, 0x00000000cdb00000, 0x00000000cdb00000|100%| E|CS|TAMS 0x00000000cda00000, 0x00000000cda00000| Complete 
|1243|0x00000000cdb00000, 0x00000000cdc00000, 0x00000000cdc00000|100%| E|CS|TAMS 0x00000000cdb00000, 0x00000000cdb00000| Complete 
|1244|0x00000000cdc00000, 0x00000000cdd00000, 0x00000000cdd00000|100%| E|CS|TAMS 0x00000000cdc00000, 0x00000000cdc00000| Complete 
|1245|0x00000000cdd00000, 0x00000000cde00000, 0x00000000cde00000|100%| E|CS|TAMS 0x00000000cdd00000, 0x00000000cdd00000| Complete 
|1246|0x00000000cde00000, 0x00000000cdf00000, 0x00000000cdf00000|100%| E|CS|TAMS 0x00000000cde00000, 0x00000000cde00000| Complete 
|1247|0x00000000cdf00000, 0x00000000ce000000, 0x00000000ce000000|100%| E|CS|TAMS 0x00000000cdf00000, 0x00000000cdf00000| Complete 
|1248|0x00000000ce000000, 0x00000000ce100000, 0x00000000ce100000|100%| E|CS|TAMS 0x00000000ce000000, 0x00000000ce000000| Complete 
|1249|0x00000000ce100000, 0x00000000ce200000, 0x00000000ce200000|100%| E|CS|TAMS 0x00000000ce100000, 0x00000000ce100000| Complete 
|1250|0x00000000ce200000, 0x00000000ce300000, 0x00000000ce300000|100%| E|CS|TAMS 0x00000000ce200000, 0x00000000ce200000| Complete 
|1251|0x00000000ce300000, 0x00000000ce400000, 0x00000000ce400000|100%| E|CS|TAMS 0x00000000ce300000, 0x00000000ce300000| Complete 
|1252|0x00000000ce400000, 0x00000000ce500000, 0x00000000ce500000|100%| E|CS|TAMS 0x00000000ce400000, 0x00000000ce400000| Complete 
|1253|0x00000000ce500000, 0x00000000ce600000, 0x00000000ce600000|100%| E|CS|TAMS 0x00000000ce500000, 0x00000000ce500000| Complete 
|1254|0x00000000ce600000, 0x00000000ce700000, 0x00000000ce700000|100%| E|CS|TAMS 0x00000000ce600000, 0x00000000ce600000| Complete 
|1255|0x00000000ce700000, 0x00000000ce800000, 0x00000000ce800000|100%| E|CS|TAMS 0x00000000ce700000, 0x00000000ce700000| Complete 
|1256|0x00000000ce800000, 0x00000000ce900000, 0x00000000ce900000|100%| E|CS|TAMS 0x00000000ce800000, 0x00000000ce800000| Complete 
|1257|0x00000000ce900000, 0x00000000cea00000, 0x00000000cea00000|100%| E|CS|TAMS 0x00000000ce900000, 0x00000000ce900000| Complete 
|1258|0x00000000cea00000, 0x00000000ceb00000, 0x00000000ceb00000|100%| E|CS|TAMS 0x00000000cea00000, 0x00000000cea00000| Complete 
|1259|0x00000000ceb00000, 0x00000000cec00000, 0x00000000cec00000|100%| E|CS|TAMS 0x00000000ceb00000, 0x00000000ceb00000| Complete 
|1260|0x00000000cec00000, 0x00000000ced00000, 0x00000000ced00000|100%| E|CS|TAMS 0x00000000cec00000, 0x00000000cec00000| Complete 
|1261|0x00000000ced00000, 0x00000000cee00000, 0x00000000cee00000|100%| E|CS|TAMS 0x00000000ced00000, 0x00000000ced00000| Complete 
|1262|0x00000000cee00000, 0x00000000cef00000, 0x00000000cef00000|100%| E|CS|TAMS 0x00000000cee00000, 0x00000000cee00000| Complete 
|1263|0x00000000cef00000, 0x00000000cf000000, 0x00000000cf000000|100%| E|CS|TAMS 0x00000000cef00000, 0x00000000cef00000| Complete 
|1264|0x00000000cf000000, 0x00000000cf100000, 0x00000000cf100000|100%| E|CS|TAMS 0x00000000cf000000, 0x00000000cf000000| Complete 
|1265|0x00000000cf100000, 0x00000000cf200000, 0x00000000cf200000|100%| E|CS|TAMS 0x00000000cf100000, 0x00000000cf100000| Complete 
|1266|0x00000000cf200000, 0x00000000cf300000, 0x00000000cf300000|100%| E|CS|TAMS 0x00000000cf200000, 0x00000000cf200000| Complete 
|1267|0x00000000cf300000, 0x00000000cf400000, 0x00000000cf400000|100%| E|CS|TAMS 0x00000000cf300000, 0x00000000cf300000| Complete 
|1268|0x00000000cf400000, 0x00000000cf500000, 0x00000000cf500000|100%| E|CS|TAMS 0x00000000cf400000, 0x00000000cf400000| Complete 
|1269|0x00000000cf500000, 0x00000000cf600000, 0x00000000cf600000|100%| E|CS|TAMS 0x00000000cf500000, 0x00000000cf500000| Complete 
|1270|0x00000000cf600000, 0x00000000cf700000, 0x00000000cf700000|100%| E|CS|TAMS 0x00000000cf600000, 0x00000000cf600000| Complete 
|1271|0x00000000cf700000, 0x00000000cf800000, 0x00000000cf800000|100%| E|CS|TAMS 0x00000000cf700000, 0x00000000cf700000| Complete 
|1272|0x00000000cf800000, 0x00000000cf900000, 0x00000000cf900000|100%| E|CS|TAMS 0x00000000cf800000, 0x00000000cf800000| Complete 
|1273|0x00000000cf900000, 0x00000000cfa00000, 0x00000000cfa00000|100%| E|CS|TAMS 0x00000000cf900000, 0x00000000cf900000| Complete 
|1274|0x00000000cfa00000, 0x00000000cfb00000, 0x00000000cfb00000|100%| E|CS|TAMS 0x00000000cfa00000, 0x00000000cfa00000| Complete 
|1275|0x00000000cfb00000, 0x00000000cfc00000, 0x00000000cfc00000|100%| E|CS|TAMS 0x00000000cfb00000, 0x00000000cfb00000| Complete 
|1276|0x00000000cfc00000, 0x00000000cfd00000, 0x00000000cfd00000|100%| E|CS|TAMS 0x00000000cfc00000, 0x00000000cfc00000| Complete 
|1277|0x00000000cfd00000, 0x00000000cfe00000, 0x00000000cfe00000|100%| E|CS|TAMS 0x00000000cfd00000, 0x00000000cfd00000| Complete 
|1278|0x00000000cfe00000, 0x00000000cff00000, 0x00000000cff00000|100%| E|CS|TAMS 0x00000000cfe00000, 0x00000000cfe00000| Complete 
|1279|0x00000000cff00000, 0x00000000d0000000, 0x00000000d0000000|100%| E|CS|TAMS 0x00000000cff00000, 0x00000000cff00000| Complete 
|1280|0x00000000d0000000, 0x00000000d0100000, 0x00000000d0100000|100%| E|CS|TAMS 0x00000000d0000000, 0x00000000d0000000| Complete 
|1281|0x00000000d0100000, 0x00000000d0200000, 0x00000000d0200000|100%| E|CS|TAMS 0x00000000d0100000, 0x00000000d0100000| Complete 
|1282|0x00000000d0200000, 0x00000000d0300000, 0x00000000d0300000|100%| E|CS|TAMS 0x00000000d0200000, 0x00000000d0200000| Complete 
|1283|0x00000000d0300000, 0x00000000d0400000, 0x00000000d0400000|100%| E|CS|TAMS 0x00000000d0300000, 0x00000000d0300000| Complete 
|1284|0x00000000d0400000, 0x00000000d0500000, 0x00000000d0500000|100%| E|CS|TAMS 0x00000000d0400000, 0x00000000d0400000| Complete 
|1285|0x00000000d0500000, 0x00000000d0600000, 0x00000000d0600000|100%| E|CS|TAMS 0x00000000d0500000, 0x00000000d0500000| Complete 
|1286|0x00000000d0600000, 0x00000000d0700000, 0x00000000d0700000|100%| E|CS|TAMS 0x00000000d0600000, 0x00000000d0600000| Complete 
|1287|0x00000000d0700000, 0x00000000d0800000, 0x00000000d0800000|100%| E|CS|TAMS 0x00000000d0700000, 0x00000000d0700000| Complete 
|1288|0x00000000d0800000, 0x00000000d0900000, 0x00000000d0900000|100%| E|CS|TAMS 0x00000000d0800000, 0x00000000d0800000| Complete 
|1289|0x00000000d0900000, 0x00000000d0a00000, 0x00000000d0a00000|100%| E|CS|TAMS 0x00000000d0900000, 0x00000000d0900000| Complete 
|1290|0x00000000d0a00000, 0x00000000d0b00000, 0x00000000d0b00000|100%| E|CS|TAMS 0x00000000d0a00000, 0x00000000d0a00000| Complete 
|1291|0x00000000d0b00000, 0x00000000d0c00000, 0x00000000d0c00000|100%| E|CS|TAMS 0x00000000d0b00000, 0x00000000d0b00000| Complete 
|1292|0x00000000d0c00000, 0x00000000d0d00000, 0x00000000d0d00000|100%| E|CS|TAMS 0x00000000d0c00000, 0x00000000d0c00000| Complete 
|1293|0x00000000d0d00000, 0x00000000d0e00000, 0x00000000d0e00000|100%| E|CS|TAMS 0x00000000d0d00000, 0x00000000d0d00000| Complete 
|1294|0x00000000d0e00000, 0x00000000d0f00000, 0x00000000d0f00000|100%| E|CS|TAMS 0x00000000d0e00000, 0x00000000d0e00000| Complete 
|1295|0x00000000d0f00000, 0x00000000d1000000, 0x00000000d1000000|100%| E|CS|TAMS 0x00000000d0f00000, 0x00000000d0f00000| Complete 
|1296|0x00000000d1000000, 0x00000000d1100000, 0x00000000d1100000|100%| E|CS|TAMS 0x00000000d1000000, 0x00000000d1000000| Complete 
|1297|0x00000000d1100000, 0x00000000d1200000, 0x00000000d1200000|100%| E|CS|TAMS 0x00000000d1100000, 0x00000000d1100000| Complete 
|1298|0x00000000d1200000, 0x00000000d1300000, 0x00000000d1300000|100%| E|CS|TAMS 0x00000000d1200000, 0x00000000d1200000| Complete 
|1299|0x00000000d1300000, 0x00000000d1400000, 0x00000000d1400000|100%| E|CS|TAMS 0x00000000d1300000, 0x00000000d1300000| Complete 
|1300|0x00000000d1400000, 0x00000000d1500000, 0x00000000d1500000|100%| E|CS|TAMS 0x00000000d1400000, 0x00000000d1400000| Complete 
|1301|0x00000000d1500000, 0x00000000d1600000, 0x00000000d1600000|100%| E|CS|TAMS 0x00000000d1500000, 0x00000000d1500000| Complete 
|1302|0x00000000d1600000, 0x00000000d1700000, 0x00000000d1700000|100%| E|CS|TAMS 0x00000000d1600000, 0x00000000d1600000| Complete 
|1303|0x00000000d1700000, 0x00000000d1800000, 0x00000000d1800000|100%| E|CS|TAMS 0x00000000d1700000, 0x00000000d1700000| Complete 
|1304|0x00000000d1800000, 0x00000000d1900000, 0x00000000d1900000|100%| E|CS|TAMS 0x00000000d1800000, 0x00000000d1800000| Complete 
|1305|0x00000000d1900000, 0x00000000d1a00000, 0x00000000d1a00000|100%| E|CS|TAMS 0x00000000d1900000, 0x00000000d1900000| Complete 
|1306|0x00000000d1a00000, 0x00000000d1b00000, 0x00000000d1b00000|100%| E|CS|TAMS 0x00000000d1a00000, 0x00000000d1a00000| Complete 
|1307|0x00000000d1b00000, 0x00000000d1c00000, 0x00000000d1c00000|100%| E|CS|TAMS 0x00000000d1b00000, 0x00000000d1b00000| Complete 
|1308|0x00000000d1c00000, 0x00000000d1d00000, 0x00000000d1d00000|100%| E|CS|TAMS 0x00000000d1c00000, 0x00000000d1c00000| Complete 
|1309|0x00000000d1d00000, 0x00000000d1e00000, 0x00000000d1e00000|100%| E|CS|TAMS 0x00000000d1d00000, 0x00000000d1d00000| Complete 
|1310|0x00000000d1e00000, 0x00000000d1f00000, 0x00000000d1f00000|100%| E|CS|TAMS 0x00000000d1e00000, 0x00000000d1e00000| Complete 
|1311|0x00000000d1f00000, 0x00000000d2000000, 0x00000000d2000000|100%| E|CS|TAMS 0x00000000d1f00000, 0x00000000d1f00000| Complete 
|1312|0x00000000d2000000, 0x00000000d2100000, 0x00000000d2100000|100%| E|CS|TAMS 0x00000000d2000000, 0x00000000d2000000| Complete 
|1313|0x00000000d2100000, 0x00000000d2200000, 0x00000000d2200000|100%| E|CS|TAMS 0x00000000d2100000, 0x00000000d2100000| Complete 
|1314|0x00000000d2200000, 0x00000000d2300000, 0x00000000d2300000|100%| E|CS|TAMS 0x00000000d2200000, 0x00000000d2200000| Complete 
|1315|0x00000000d2300000, 0x00000000d2400000, 0x00000000d2400000|100%| E|CS|TAMS 0x00000000d2300000, 0x00000000d2300000| Complete 
|1316|0x00000000d2400000, 0x00000000d2500000, 0x00000000d2500000|100%| E|CS|TAMS 0x00000000d2400000, 0x00000000d2400000| Complete 
|1317|0x00000000d2500000, 0x00000000d2600000, 0x00000000d2600000|100%| E|CS|TAMS 0x00000000d2500000, 0x00000000d2500000| Complete 
|1318|0x00000000d2600000, 0x00000000d2700000, 0x00000000d2700000|100%| E|CS|TAMS 0x00000000d2600000, 0x00000000d2600000| Complete 
|1319|0x00000000d2700000, 0x00000000d2800000, 0x00000000d2800000|100%| E|CS|TAMS 0x00000000d2700000, 0x00000000d2700000| Complete 
|1320|0x00000000d2800000, 0x00000000d2900000, 0x00000000d2900000|100%| E|CS|TAMS 0x00000000d2800000, 0x00000000d2800000| Complete 
|1321|0x00000000d2900000, 0x00000000d2a00000, 0x00000000d2a00000|100%| E|CS|TAMS 0x00000000d2900000, 0x00000000d2900000| Complete 
|1322|0x00000000d2a00000, 0x00000000d2b00000, 0x00000000d2b00000|100%| E|CS|TAMS 0x00000000d2a00000, 0x00000000d2a00000| Complete 
|1323|0x00000000d2b00000, 0x00000000d2c00000, 0x00000000d2c00000|100%| E|CS|TAMS 0x00000000d2b00000, 0x00000000d2b00000| Complete 
|1324|0x00000000d2c00000, 0x00000000d2d00000, 0x00000000d2d00000|100%| E|CS|TAMS 0x00000000d2c00000, 0x00000000d2c00000| Complete 
|1325|0x00000000d2d00000, 0x00000000d2e00000, 0x00000000d2e00000|100%| E|CS|TAMS 0x00000000d2d00000, 0x00000000d2d00000| Complete 
|1326|0x00000000d2e00000, 0x00000000d2f00000, 0x00000000d2f00000|100%| E|CS|TAMS 0x00000000d2e00000, 0x00000000d2e00000| Complete 
|1327|0x00000000d2f00000, 0x00000000d3000000, 0x00000000d3000000|100%| E|CS|TAMS 0x00000000d2f00000, 0x00000000d2f00000| Complete 
|1328|0x00000000d3000000, 0x00000000d3100000, 0x00000000d3100000|100%| E|CS|TAMS 0x00000000d3000000, 0x00000000d3000000| Complete 
|1329|0x00000000d3100000, 0x00000000d3200000, 0x00000000d3200000|100%| E|CS|TAMS 0x00000000d3100000, 0x00000000d3100000| Complete 
|1330|0x00000000d3200000, 0x00000000d3300000, 0x00000000d3300000|100%| E|CS|TAMS 0x00000000d3200000, 0x00000000d3200000| Complete 
|1331|0x00000000d3300000, 0x00000000d3400000, 0x00000000d3400000|100%| E|CS|TAMS 0x00000000d3300000, 0x00000000d3300000| Complete 
|1332|0x00000000d3400000, 0x00000000d3500000, 0x00000000d3500000|100%| E|CS|TAMS 0x00000000d3400000, 0x00000000d3400000| Complete 
|1333|0x00000000d3500000, 0x00000000d3600000, 0x00000000d3600000|100%| E|CS|TAMS 0x00000000d3500000, 0x00000000d3500000| Complete 
|1334|0x00000000d3600000, 0x00000000d3700000, 0x00000000d3700000|100%| E|CS|TAMS 0x00000000d3600000, 0x00000000d3600000| Complete 
|1335|0x00000000d3700000, 0x00000000d3800000, 0x00000000d3800000|100%| E|CS|TAMS 0x00000000d3700000, 0x00000000d3700000| Complete 
|1336|0x00000000d3800000, 0x00000000d3900000, 0x00000000d3900000|100%| E|CS|TAMS 0x00000000d3800000, 0x00000000d3800000| Complete 
|1337|0x00000000d3900000, 0x00000000d3a00000, 0x00000000d3a00000|100%| E|CS|TAMS 0x00000000d3900000, 0x00000000d3900000| Complete 
|1338|0x00000000d3a00000, 0x00000000d3b00000, 0x00000000d3b00000|100%| E|CS|TAMS 0x00000000d3a00000, 0x00000000d3a00000| Complete 
|1339|0x00000000d3b00000, 0x00000000d3c00000, 0x00000000d3c00000|100%| E|CS|TAMS 0x00000000d3b00000, 0x00000000d3b00000| Complete 
|1340|0x00000000d3c00000, 0x00000000d3d00000, 0x00000000d3d00000|100%| E|CS|TAMS 0x00000000d3c00000, 0x00000000d3c00000| Complete 
|1341|0x00000000d3d00000, 0x00000000d3e00000, 0x00000000d3e00000|100%| E|CS|TAMS 0x00000000d3d00000, 0x00000000d3d00000| Complete 
|1342|0x00000000d3e00000, 0x00000000d3f00000, 0x00000000d3f00000|100%| E|CS|TAMS 0x00000000d3e00000, 0x00000000d3e00000| Complete 
|1343|0x00000000d3f00000, 0x00000000d4000000, 0x00000000d4000000|100%| E|CS|TAMS 0x00000000d3f00000, 0x00000000d3f00000| Complete 
|1344|0x00000000d4000000, 0x00000000d4100000, 0x00000000d4100000|100%| E|CS|TAMS 0x00000000d4000000, 0x00000000d4000000| Complete 
|1345|0x00000000d4100000, 0x00000000d4200000, 0x00000000d4200000|100%| E|CS|TAMS 0x00000000d4100000, 0x00000000d4100000| Complete 
|1346|0x00000000d4200000, 0x00000000d4300000, 0x00000000d4300000|100%| E|CS|TAMS 0x00000000d4200000, 0x00000000d4200000| Complete 
|1347|0x00000000d4300000, 0x00000000d4400000, 0x00000000d4400000|100%| E|  |TAMS 0x00000000d4300000, 0x00000000d4300000| Complete 
|1348|0x00000000d4400000, 0x00000000d4500000, 0x00000000d4500000|100%| E|CS|TAMS 0x00000000d4400000, 0x00000000d4400000| Complete 
|1349|0x00000000d4500000, 0x00000000d4600000, 0x00000000d4600000|100%| E|CS|TAMS 0x00000000d4500000, 0x00000000d4500000| Complete 
|1350|0x00000000d4600000, 0x00000000d4700000, 0x00000000d4700000|100%| E|CS|TAMS 0x00000000d4600000, 0x00000000d4600000| Complete 
|1351|0x00000000d4700000, 0x00000000d4800000, 0x00000000d4800000|100%| E|CS|TAMS 0x00000000d4700000, 0x00000000d4700000| Complete 

Card table byte_map: [0x000001995b070000,0x000001995b470000] _byte_map_base: 0x000001995ac70000

Marking Bits (Prev, Next): (CMBitMap*) 0x0000019943c20df0, (CMBitMap*) 0x0000019943c20db0
 Prev Bits: [0x000001995d870000, 0x000001995f870000)
 Next Bits: [0x000001995b870000, 0x000001995d870000)

Polling page: 0x0000019941aa0000

Metaspace:

Usage:
  Non-class:    159.55 MB used.
      Class:     24.43 MB used.
       Both:    183.98 MB used.

Virtual space:
  Non-class space:      192.00 MB reserved,     160.88 MB ( 84%) committed,  3 nodes.
      Class space:      416.00 MB reserved,      25.56 MB (  6%) committed,  1 nodes.
             Both:      608.00 MB reserved,     186.44 MB ( 31%) committed. 

Chunk freelists:
   Non-Class:  14.81 MB
       Class:  6.36 MB
        Both:  21.17 MB

MaxMetaspaceSize: 512.00 MB
CompressedClassSpaceSize: 416.00 MB
Initial GC threshold: 21.00 MB
Current GC threshold: 307.00 MB
CDS: on
MetaspaceReclaimPolicy: balanced
 - commit_granule_bytes: 65536.
 - commit_granule_words: 8192.
 - virtual_space_node_default_size: 8388608.
 - enlarge_chunks_in_place: 1.
 - new_chunks_are_fully_committed: 0.
 - uncommit_free_chunks: 1.
 - use_allocation_guard: 0.
 - handle_deallocations: 1.


Internal statistics:

num_allocs_failed_limit: 6.
num_arena_births: 3790.
num_arena_deaths: 244.
num_vsnodes_births: 4.
num_vsnodes_deaths: 0.
num_space_committed: 2993.
num_space_uncommitted: 12.
num_chunks_returned_to_freelist: 450.
num_chunks_taken_from_freelist: 13452.
num_chunk_merges: 117.
num_chunk_splits: 7994.
num_chunks_enlarged: 4278.
num_inconsistent_stats: 0.

CodeHeap 'non-profiled nmethods': size=120000Kb used=30282Kb max_used=30327Kb free=89717Kb
 bounds [0x00000199531e0000, 0x0000019954f80000, 0x000001995a710000]
CodeHeap 'profiled nmethods': size=120000Kb used=62358Kb max_used=62374Kb free=57641Kb
 bounds [0x000001994b710000, 0x000001994f4b0000, 0x0000019952c40000]
CodeHeap 'non-nmethods': size=5760Kb used=2605Kb max_used=2705Kb free=3154Kb
 bounds [0x0000019952c40000, 0x0000019952f00000, 0x00000199531e0000]
 total_blobs=32403 nmethods=31241 adapters=1072
 compilation: enabled
              stopped_count=0, restarted_count=0
 full_count=0

Compilation events (20 events):
Event: 149.376 Thread 0x00000199624ebd20 nmethod 43391 0x000001994df05310 code [0x000001994df054c0, 0x000001994df055e8]
Event: 149.501 Thread 0x00000199624ebd20 43393       2       kotlin.text.Regex::matchEntire (25 bytes)
Event: 149.511 Thread 0x00000199624ebd20 nmethod 43393 0x000001994dd4bf10 code [0x000001994dd4c120, 0x000001994dd4c518]
Event: 149.512 Thread 0x00000199624ebd20 43394       2       kotlin.text.RegexKt::access$matchEntire (6 bytes)
Event: 149.512 Thread 0x00000199624ebd20 nmethod 43394 0x000001994e9f9910 code [0x000001994e9f9ac0, 0x000001994e9f9c98]
Event: 149.585 Thread 0x00000199624e73d0 nmethod 43367 0x0000019954ea4e90 code [0x0000019954ea52e0, 0x0000019954ea9230]
Event: 149.586 Thread 0x00000199624e73d0 43392       4       com.android.tools.r8.internal.vx::Y (129 bytes)
Event: 149.588 Thread 0x00000199624e73d0 nmethod 43392 0x00000199547cf510 code [0x00000199547cf6c0, 0x00000199547cf7f8]
Event: 149.588 Thread 0x00000199624e73d0 43331       4       com.android.tools.r8.internal.oE::a (15 bytes)
Event: 149.710 Thread 0x00000199624e73d0 nmethod 43331 0x0000019954a82590 code [0x0000019954a82740, 0x0000019954a82988]
Event: 149.711 Thread 0x00000199624e73d0 43323       4       com.android.tools.r8.internal.PY::a (47 bytes)
Event: 149.712 Thread 0x00000199624e73d0 nmethod 43323 0x00000199547cef90 code [0x00000199547cf120, 0x00000199547cf218]
Event: 149.712 Thread 0x00000199624e73d0 43317       4       com.android.tools.r8.internal.oE::Z0 (5 bytes)
Event: 149.714 Thread 0x00000199624e73d0 nmethod 43317 0x0000019953a3a890 code [0x0000019953a3aa20, 0x0000019953a3ab58]
Event: 149.715 Thread 0x00000199624e73d0 43395       4       com.android.tools.r8.internal.nt::<init> (687 bytes)
Event: 149.741 Thread 0x00000199624ebd20 43397       2       com.android.tools.r8.internal.ps::a (1 bytes)
Event: 149.741 Thread 0x00000199624ebd20 nmethod 43397 0x000001994eab9c10 code [0x000001994eab9da0, 0x000001994eab9e98]
Event: 149.759 Thread 0x00000199624ebd20 43398       2       com.android.tools.r8.internal.ps::a (17 bytes)
Event: 149.759 Thread 0x00000199624ebd20 nmethod 43398 0x000001994e264e10 code [0x000001994e264fc0, 0x000001994e265108]
Event: 149.786 Thread 0x00000199624ebd20 43399       2       com.android.builder.symbols.BytecodeRClassWriterKt::generateResourceTypeClass (882 bytes)

GC Heap History (20 events):
Event: 147.030 GC heap before
{Heap before GC invocations=285 (full 0):
 garbage-first heap   total 1353728K, used 1193697K [0x0000000080000000, 0x0000000100000000)
  region size 1024K, 253 young (259072K), 11 survivors (11264K)
 Metaspace       used 188294K, committed 190720K, reserved 622592K
  class space    used 25010K, committed 26112K, reserved 425984K
}
Event: 147.044 GC heap after
{Heap after GC invocations=286 (full 0):
 garbage-first heap   total 1353728K, used 947011K [0x0000000080000000, 0x0000000100000000)
  region size 1024K, 11 young (11264K), 11 survivors (11264K)
 Metaspace       used 188294K, committed 190720K, reserved 622592K
  class space    used 25010K, committed 26112K, reserved 425984K
}
Event: 147.248 GC heap before
{Heap before GC invocations=286 (full 0):
 garbage-first heap   total 1353728K, used 1204035K [0x0000000080000000, 0x0000000100000000)
  region size 1024K, 263 young (269312K), 11 survivors (11264K)
 Metaspace       used 188301K, committed 190784K, reserved 622592K
  class space    used 25013K, committed 26176K, reserved 425984K
}
Event: 147.264 GC heap after
{Heap after GC invocations=287 (full 0):
 garbage-first heap   total 1353728K, used 947176K [0x0000000080000000, 0x0000000100000000)
  region size 1024K, 11 young (11264K), 11 survivors (11264K)
 Metaspace       used 188301K, committed 190784K, reserved 622592K
  class space    used 25013K, committed 26176K, reserved 425984K
}
Event: 147.548 GC heap before
{Heap before GC invocations=287 (full 0):
 garbage-first heap   total 1353728K, used 1198056K [0x0000000080000000, 0x0000000100000000)
  region size 1024K, 256 young (262144K), 11 survivors (11264K)
 Metaspace       used 188331K, committed 190848K, reserved 622592K
  class space    used 25014K, committed 26176K, reserved 425984K
}
Event: 147.558 GC heap after
{Heap after GC invocations=288 (full 0):
 garbage-first heap   total 1353728K, used 947597K [0x0000000080000000, 0x0000000100000000)
  region size 1024K, 12 young (12288K), 12 survivors (12288K)
 Metaspace       used 188331K, committed 190848K, reserved 622592K
  class space    used 25014K, committed 26176K, reserved 425984K
}
Event: 147.839 GC heap before
{Heap before GC invocations=288 (full 0):
 garbage-first heap   total 1353728K, used 1197453K [0x0000000080000000, 0x0000000100000000)
  region size 1024K, 257 young (263168K), 12 survivors (12288K)
 Metaspace       used 188351K, committed 190912K, reserved 622592K
  class space    used 25014K, committed 26176K, reserved 425984K
}
Event: 147.891 GC heap after
{Heap after GC invocations=289 (full 0):
 garbage-first heap   total 1353728K, used 950888K [0x0000000080000000, 0x0000000100000000)
  region size 1024K, 15 young (15360K), 15 survivors (15360K)
 Metaspace       used 188351K, committed 190912K, reserved 622592K
  class space    used 25014K, committed 26176K, reserved 425984K
}
Event: 148.083 GC heap before
{Heap before GC invocations=289 (full 0):
 garbage-first heap   total 1353728K, used 1197672K [0x0000000080000000, 0x0000000100000000)
  region size 1024K, 256 young (262144K), 15 survivors (15360K)
 Metaspace       used 188352K, committed 190912K, reserved 622592K
  class space    used 25014K, committed 26176K, reserved 425984K
}
Event: 148.113 GC heap after
{Heap after GC invocations=290 (full 0):
 garbage-first heap   total 1353728K, used 951035K [0x0000000080000000, 0x0000000100000000)
  region size 1024K, 15 young (15360K), 15 survivors (15360K)
 Metaspace       used 188352K, committed 190912K, reserved 622592K
  class space    used 25014K, committed 26176K, reserved 425984K
}
Event: 148.372 GC heap before
{Heap before GC invocations=290 (full 0):
 garbage-first heap   total 1353728K, used 1200891K [0x0000000080000000, 0x0000000100000000)
  region size 1024K, 259 young (265216K), 15 survivors (15360K)
 Metaspace       used 188353K, committed 190912K, reserved 622592K
  class space    used 25014K, committed 26176K, reserved 425984K
}
Event: 148.400 GC heap after
{Heap after GC invocations=291 (full 0):
 garbage-first heap   total 1384448K, used 951569K [0x0000000080000000, 0x0000000100000000)
  region size 1024K, 16 young (16384K), 16 survivors (16384K)
 Metaspace       used 188353K, committed 190912K, reserved 622592K
  class space    used 25014K, committed 26176K, reserved 425984K
}
Event: 148.649 GC heap before
{Heap before GC invocations=291 (full 0):
 garbage-first heap   total 1384448K, used 1227025K [0x0000000080000000, 0x0000000100000000)
  region size 1024K, 286 young (292864K), 16 survivors (16384K)
 Metaspace       used 188354K, committed 190912K, reserved 622592K
  class space    used 25014K, committed 26176K, reserved 425984K
}
Event: 148.674 GC heap after
{Heap after GC invocations=292 (full 0):
 garbage-first heap   total 1384448K, used 952142K [0x0000000080000000, 0x0000000100000000)
  region size 1024K, 16 young (16384K), 16 survivors (16384K)
 Metaspace       used 188354K, committed 190912K, reserved 622592K
  class space    used 25014K, committed 26176K, reserved 425984K
}
Event: 148.966 GC heap before
{Heap before GC invocations=292 (full 0):
 garbage-first heap   total 1384448K, used 1227598K [0x0000000080000000, 0x0000000100000000)
  region size 1024K, 286 young (292864K), 16 survivors (16384K)
 Metaspace       used 188356K, committed 190912K, reserved 622592K
  class space    used 25014K, committed 26176K, reserved 425984K
}
Event: 148.993 GC heap after
{Heap after GC invocations=293 (full 0):
 garbage-first heap   total 1384448K, used 953932K [0x0000000080000000, 0x0000000100000000)
  region size 1024K, 18 young (18432K), 18 survivors (18432K)
 Metaspace       used 188356K, committed 190912K, reserved 622592K
  class space    used 25014K, committed 26176K, reserved 425984K
}
Event: 149.288 GC heap before
{Heap before GC invocations=293 (full 0):
 garbage-first heap   total 1384448K, used 1226316K [0x0000000080000000, 0x0000000100000000)
  region size 1024K, 284 young (290816K), 18 survivors (18432K)
 Metaspace       used 188366K, committed 190912K, reserved 622592K
  class space    used 25014K, committed 26176K, reserved 425984K
}
Event: 149.304 GC heap after
{Heap after GC invocations=294 (full 0):
 garbage-first heap   total 1384448K, used 956350K [0x0000000080000000, 0x0000000100000000)
  region size 1024K, 20 young (20480K), 20 survivors (20480K)
 Metaspace       used 188366K, committed 190912K, reserved 622592K
  class space    used 25014K, committed 26176K, reserved 425984K
}
Event: 149.682 GC heap before
{Heap before GC invocations=294 (full 0):
 garbage-first heap   total 1384448K, used 1224638K [0x0000000080000000, 0x0000000100000000)
  region size 1024K, 282 young (288768K), 20 survivors (20480K)
 Metaspace       used 188376K, committed 190912K, reserved 622592K
  class space    used 25014K, committed 26176K, reserved 425984K
}
Event: 149.705 GC heap after
{Heap after GC invocations=295 (full 0):
 garbage-first heap   total 1384448K, used 955570K [0x0000000080000000, 0x0000000100000000)
  region size 1024K, 18 young (18432K), 18 survivors (18432K)
 Metaspace       used 188376K, committed 190912K, reserved 622592K
  class space    used 25014K, committed 26176K, reserved 425984K
}

Dll operation events (16 events):
Event: 0.014 Loaded shared library C:\Program Files\Eclipse Adoptium\jdk-17.0.16.8-hotspot\bin\java.dll
Event: 0.030 Loaded shared library C:\Program Files\Eclipse Adoptium\jdk-17.0.16.8-hotspot\bin\jsvml.dll
Event: 0.090 Loaded shared library C:\Program Files\Eclipse Adoptium\jdk-17.0.16.8-hotspot\bin\zip.dll
Event: 0.095 Loaded shared library C:\Program Files\Eclipse Adoptium\jdk-17.0.16.8-hotspot\bin\instrument.dll
Event: 0.099 Loaded shared library C:\Program Files\Eclipse Adoptium\jdk-17.0.16.8-hotspot\bin\net.dll
Event: 0.102 Loaded shared library C:\Program Files\Eclipse Adoptium\jdk-17.0.16.8-hotspot\bin\nio.dll
Event: 0.105 Loaded shared library C:\Program Files\Eclipse Adoptium\jdk-17.0.16.8-hotspot\bin\zip.dll
Event: 0.441 Loaded shared library C:\Program Files\Eclipse Adoptium\jdk-17.0.16.8-hotspot\bin\jimage.dll
Event: 0.654 Loaded shared library C:\Program Files\Eclipse Adoptium\jdk-17.0.16.8-hotspot\bin\verify.dll
Event: 0.735 Loaded shared library C:\Users\devil\.gradle\native\1def1411415f61bf3af743bc5b6707747c0891f09f0c88961ee8f79bc544acac\windows-amd64\native-platform.dll
Event: 0.752 Loaded shared library C:\Users\devil\.gradle\native\0.2.7\x86_64-windows-gnu\gradle-fileevents.dll
Event: 1.976 Loaded shared library C:\Program Files\Eclipse Adoptium\jdk-17.0.16.8-hotspot\bin\management.dll
Event: 1.978 Loaded shared library C:\Program Files\Eclipse Adoptium\jdk-17.0.16.8-hotspot\bin\management_ext.dll
Event: 2.313 Loaded shared library C:\Program Files\Eclipse Adoptium\jdk-17.0.16.8-hotspot\bin\extnet.dll
Event: 2.548 Loaded shared library C:\Program Files\Eclipse Adoptium\jdk-17.0.16.8-hotspot\bin\sunmscapi.dll
Event: 47.696 Loaded shared library C:\Program Files\Eclipse Adoptium\jdk-17.0.16.8-hotspot\bin\rmi.dll

Deoptimization events (20 events):
Event: 149.368 Thread 0x00000199066f30b0 DEOPT PACKING pc=0x000001994e587e41 sp=0x0000008f5fafa280
Event: 149.368 Thread 0x00000199066f30b0 DEOPT UNPACKING pc=0x0000019952c97143 sp=0x0000008f5faf9820 mode 0
Event: 149.398 Thread 0x00000199066f30b0 DEOPT PACKING pc=0x000001994e587fe0 sp=0x0000008f5fafa280
Event: 149.398 Thread 0x00000199066f30b0 DEOPT UNPACKING pc=0x0000019952c97143 sp=0x0000008f5faf9820 mode 0
Event: 149.469 Thread 0x00000199066f30b0 DEOPT PACKING pc=0x000001994e587fe0 sp=0x0000008f5fafa160
Event: 149.469 Thread 0x00000199066f30b0 DEOPT UNPACKING pc=0x0000019952c97143 sp=0x0000008f5faf9700 mode 0
Event: 149.559 Thread 0x00000199066f90e0 DEOPT PACKING pc=0x000001994e587fe0 sp=0x0000008f60bfa9a0
Event: 149.559 Thread 0x00000199066f90e0 DEOPT UNPACKING pc=0x0000019952c97143 sp=0x0000008f60bf9f40 mode 0
Event: 149.581 Thread 0x00000199089e65f0 DEOPT PACKING pc=0x000001994e5875f1 sp=0x0000008f64ff7670
Event: 149.581 Thread 0x00000199089e65f0 DEOPT UNPACKING pc=0x0000019952c97143 sp=0x0000008f64ff6c08 mode 0
Event: 149.769 Thread 0x00000199066f90e0 DEOPT PACKING pc=0x000001994e587fe0 sp=0x0000008f60bfa880
Event: 149.769 Thread 0x00000199066f90e0 DEOPT UNPACKING pc=0x0000019952c97143 sp=0x0000008f60bf9e20 mode 0
Event: 149.794 Thread 0x00000199066f30b0 DEOPT PACKING pc=0x000001994e587e41 sp=0x0000008f5fafa160
Event: 149.794 Thread 0x00000199066f30b0 DEOPT UNPACKING pc=0x0000019952c97143 sp=0x0000008f5faf9700 mode 0
Event: 149.846 Thread 0x00000199066f30b0 DEOPT PACKING pc=0x000001994e587e41 sp=0x0000008f5fafa280
Event: 149.847 Thread 0x00000199066f30b0 DEOPT UNPACKING pc=0x0000019952c97143 sp=0x0000008f5faf9820 mode 0
Event: 149.886 Thread 0x00000199066f30b0 DEOPT PACKING pc=0x000001994e587c2a sp=0x0000008f5fafa160
Event: 149.886 Thread 0x00000199066f30b0 DEOPT UNPACKING pc=0x0000019952c97143 sp=0x0000008f5faf9700 mode 0
Event: 149.988 Thread 0x00000199066f30b0 DEOPT PACKING pc=0x000001994e587c2a sp=0x0000008f5fafa160
Event: 149.989 Thread 0x00000199066f30b0 DEOPT UNPACKING pc=0x0000019952c97143 sp=0x0000008f5faf9700 mode 0

Classes loaded (20 events):
Event: 71.587 Loading class java/nio/file/FileChannelLinesSpliterator$1
Event: 71.592 Loading class java/nio/file/FileChannelLinesSpliterator$1 done
Event: 71.928 Loading class java/net/HttpURLConnection
Event: 71.943 Loading class java/net/HttpURLConnection done
Event: 71.944 Loading class sun/net/ProgressMonitor
Event: 71.949 Loading class sun/net/ProgressMonitor done
Event: 71.949 Loading class sun/net/DefaultProgressMeteringPolicy
Event: 71.950 Loading class sun/net/ProgressMeteringPolicy
Event: 71.951 Loading class sun/net/ProgressMeteringPolicy done
Event: 71.951 Loading class sun/net/DefaultProgressMeteringPolicy done
Event: 88.006 Loading class sun/rmi/transport/DGCClient$EndpointEntry$CleanRequest
Event: 88.008 Loading class sun/rmi/transport/DGCClient$EndpointEntry$CleanRequest done
Event: 88.463 Loading class sun/security/ssl/ServerNameExtension$SHServerNamesSpec
Event: 88.465 Loading class sun/security/ssl/ServerNameExtension$SHServerNamesSpec done
Event: 91.576 Loading class java/util/concurrent/Executors$DelegatedScheduledExecutorService
Event: 91.579 Loading class java/util/concurrent/Executors$DelegatedExecutorService
Event: 91.581 Loading class java/util/concurrent/Executors$DelegatedExecutorService done
Event: 91.581 Loading class java/util/concurrent/Executors$DelegatedScheduledExecutorService done
Event: 132.918 Loading class java/nio/file/FileTreeIterator
Event: 132.923 Loading class java/nio/file/FileTreeIterator done

Classes unloaded (20 events):
Event: 87.620 Thread 0x00000199624a70b0 Unloading class 0x00000199654f1000 'jdk/internal/reflect/GeneratedSerializationConstructorAccessor133'
Event: 87.620 Thread 0x00000199624a70b0 Unloading class 0x00000199654f0c00 'jdk/internal/reflect/GeneratedSerializationConstructorAccessor132'
Event: 87.620 Thread 0x00000199624a70b0 Unloading class 0x00000199654f0800 'jdk/internal/reflect/GeneratedSerializationConstructorAccessor131'
Event: 87.620 Thread 0x00000199624a70b0 Unloading class 0x00000199654f0000 'jdk/internal/reflect/GeneratedSerializationConstructorAccessor129'
Event: 87.620 Thread 0x00000199624a70b0 Unloading class 0x00000199654efc00 'jdk/internal/reflect/GeneratedSerializationConstructorAccessor128'
Event: 87.620 Thread 0x00000199624a70b0 Unloading class 0x00000199654ef800 'jdk/internal/reflect/GeneratedSerializationConstructorAccessor127'
Event: 87.620 Thread 0x00000199624a70b0 Unloading class 0x00000199654ef000 'jdk/internal/reflect/GeneratedSerializationConstructorAccessor125'
Event: 87.620 Thread 0x00000199624a70b0 Unloading class 0x00000199654eec00 'jdk/internal/reflect/GeneratedSerializationConstructorAccessor124'
Event: 87.620 Thread 0x00000199624a70b0 Unloading class 0x00000199654ee800 'jdk/internal/reflect/GeneratedSerializationConstructorAccessor123'
Event: 87.621 Thread 0x00000199624a70b0 Unloading class 0x00000199654edc00 'jdk/internal/reflect/GeneratedSerializationConstructorAccessor121'
Event: 87.621 Thread 0x00000199624a70b0 Unloading class 0x00000199654ed400 'jdk/internal/reflect/GeneratedSerializationConstructorAccessor118'
Event: 87.621 Thread 0x00000199624a70b0 Unloading class 0x00000199654ed800 'jdk/internal/reflect/GeneratedSerializationConstructorAccessor120'
Event: 87.621 Thread 0x00000199624a70b0 Unloading class 0x00000199654ec800 'jdk/internal/reflect/GeneratedSerializationConstructorAccessor116'
Event: 87.621 Thread 0x00000199624a70b0 Unloading class 0x00000199654ecc00 'jdk/internal/reflect/GeneratedSerializationConstructorAccessor117'
Event: 87.621 Thread 0x00000199624a70b0 Unloading class 0x00000199654ec000 'jdk/internal/reflect/GeneratedSerializationConstructorAccessor115'
Event: 87.621 Thread 0x00000199624a70b0 Unloading class 0x000001996530d400 'java/lang/invoke/LambdaForm$DMH+0x000001996530d400'
Event: 87.621 Thread 0x00000199624a70b0 Unloading class 0x000001996530d000 'java/lang/invoke/LambdaForm$DMH+0x000001996530d000'
Event: 87.621 Thread 0x00000199624a70b0 Unloading class 0x000001996530cc00 'java/lang/invoke/LambdaForm$DMH+0x000001996530cc00'
Event: 87.621 Thread 0x00000199624a70b0 Unloading class 0x000001996530c800 'java/lang/invoke/LambdaForm$DMH+0x000001996530c800'
Event: 87.621 Thread 0x00000199624a70b0 Unloading class 0x000001996530c400 'java/lang/invoke/LambdaForm$DMH+0x000001996530c400'

Classes redefined (0 events):
No events

Internal exceptions (20 events):
Event: 142.299 Thread 0x0000019906a2a4a0 Exception <a 'sun/nio/fs/WindowsException'{0x00000000ca283dc0}> (0x00000000ca283dc0) 
thrown [s\src\hotspot\share\prims\jni.cpp, line 516]
Event: 142.710 Thread 0x0000019907294460 Exception <a 'sun/nio/fs/WindowsException'{0x00000000bc9769d8}> (0x00000000bc9769d8) 
thrown [s\src\hotspot\share\prims\jni.cpp, line 516]
Event: 142.884 Thread 0x00000199066f30b0 Exception <a 'sun/nio/fs/WindowsException'{0x00000000c7c50f00}> (0x00000000c7c50f00) 
thrown [s\src\hotspot\share\prims\jni.cpp, line 516]
Event: 142.993 Thread 0x000001997e935c60 Exception <a 'sun/nio/fs/WindowsException'{0x00000000c48a1708}> (0x00000000c48a1708) 
thrown [s\src\hotspot\share\prims\jni.cpp, line 516]
Event: 143.049 Thread 0x0000019907294460 Exception <a 'sun/nio/fs/WindowsException'{0x00000000bfae0da8}> (0x00000000bfae0da8) 
thrown [s\src\hotspot\share\prims\jni.cpp, line 516]
Event: 143.098 Thread 0x00000199066f30b0 Exception <a 'sun/nio/fs/WindowsException'{0x00000000bd799d88}> (0x00000000bd799d88) 
thrown [s\src\hotspot\share\prims\jni.cpp, line 516]
Event: 144.046 Thread 0x0000019906a2a4a0 Exception <a 'sun/nio/fs/WindowsException'{0x00000000c1685d08}> (0x00000000c1685d08) 
thrown [s\src\hotspot\share\prims\jni.cpp, line 516]
Event: 144.222 Thread 0x000001997e935c60 Exception <a 'sun/nio/fs/WindowsException'{0x00000000c78b69b8}> (0x00000000c78b69b8) 
thrown [s\src\hotspot\share\prims\jni.cpp, line 516]
Event: 144.684 Thread 0x0000019907294460 Exception <a 'sun/nio/fs/WindowsException'{0x00000000ca20bd00}> (0x00000000ca20bd00) 
thrown [s\src\hotspot\share\prims\jni.cpp, line 516]
Event: 145.167 Thread 0x0000019908aa4520 Exception <a 'sun/nio/fs/WindowsException'{0x00000000d19e20e8}> (0x00000000d19e20e8) 
thrown [s\src\hotspot\share\prims\jni.cpp, line 516]
Event: 145.303 Thread 0x0000019907294460 Exception <a 'sun/nio/fs/WindowsException'{0x00000000cbed6440}> (0x00000000cbed6440) 
thrown [s\src\hotspot\share\prims\jni.cpp, line 516]
Event: 145.309 Thread 0x0000019906a2a4a0 Exception <a 'sun/nio/fs/WindowsException'{0x00000000cb7c4830}> (0x00000000cb7c4830) 
thrown [s\src\hotspot\share\prims\jni.cpp, line 516]
Event: 145.718 Thread 0x000001997e932ed0 Exception <a 'sun/nio/fs/WindowsException'{0x00000000c77b8bf0}> (0x00000000c77b8bf0) 
thrown [s\src\hotspot\share\prims\jni.cpp, line 516]
Event: 146.864 Thread 0x000001997e935c60 Exception <a 'sun/nio/fs/WindowsException'{0x00000000cdd29aa8}> (0x00000000cdd29aa8) 
thrown [s\src\hotspot\share\prims\jni.cpp, line 516]
Event: 147.473 Thread 0x0000019907294460 Exception <a 'sun/nio/fs/WindowsException'{0x00000000c6bfed50}> (0x00000000c6bfed50) 
thrown [s\src\hotspot\share\prims\jni.cpp, line 516]
Event: 147.571 Thread 0x0000019908aa4520 Exception <a 'sun/nio/fs/WindowsException'{0x00000000d1d07608}> (0x00000000d1d07608) 
thrown [s\src\hotspot\share\prims\jni.cpp, line 516]
Event: 149.426 Thread 0x0000019917295400 Exception <a 'sun/nio/fs/WindowsException'{0x00000000cf594150}> (0x00000000cf594150) 
thrown [s\src\hotspot\share\prims\jni.cpp, line 516]
Event: 149.429 Thread 0x0000019917295400 Exception <a 'sun/nio/fs/WindowsException'{0x00000000cf594330}> (0x00000000cf594330) 
thrown [s\src\hotspot\share\prims\jni.cpp, line 516]
Event: 149.957 Thread 0x000001997e932ed0 Exception <a 'sun/nio/fs/WindowsException'{0x00000000c6d94bd8}> (0x00000000c6d94bd8) 
thrown [s\src\hotspot\share\prims\jni.cpp, line 516]
Event: 149.958 Thread 0x0000019906a2a4a0 Exception <a 'sun/nio/fs/WindowsException'{0x00000000d07cd0a0}> (0x00000000d07cd0a0) 
thrown [s\src\hotspot\share\prims\jni.cpp, line 516]

VM Operations (20 events):
Event: 147.264 Executing VM operation: G1CollectForAllocation done
Event: 147.536 Executing VM operation: G1CollectForAllocation
Event: 147.558 Executing VM operation: G1CollectForAllocation done
Event: 147.812 Executing VM operation: G1CollectForAllocation
Event: 147.891 Executing VM operation: G1CollectForAllocation done
Event: 148.081 Executing VM operation: G1CollectForAllocation
Event: 148.113 Executing VM operation: G1CollectForAllocation done
Event: 148.177 Executing VM operation: HandshakeAllThreads
Event: 148.285 Executing VM operation: HandshakeAllThreads done
Event: 148.323 Executing VM operation: G1CollectForAllocation
Event: 148.400 Executing VM operation: G1CollectForAllocation done
Event: 148.642 Executing VM operation: G1CollectForAllocation
Event: 148.674 Executing VM operation: G1CollectForAllocation done
Event: 148.959 Executing VM operation: G1CollectForAllocation
Event: 148.993 Executing VM operation: G1CollectForAllocation done
Event: 149.277 Executing VM operation: G1CollectForAllocation
Event: 149.305 Executing VM operation: G1CollectForAllocation done
Event: 149.588 Executing VM operation: G1CollectForAllocation
Event: 149.705 Executing VM operation: G1CollectForAllocation done
Event: 150.706 Executing VM operation: Cleanup

Memory protections (0 events):
No events

Nmethod flushes (20 events):
Event: 149.405 Thread 0x00000199624ed9f0 flushing  nmethod 0x000001994e91da10
Event: 149.405 Thread 0x00000199624ed9f0 flushing  nmethod 0x000001994e928c10
Event: 149.409 Thread 0x00000199624ed9f0 flushing  nmethod 0x000001994e955090
Event: 149.409 Thread 0x00000199624ed9f0 flushing  nmethod 0x000001994e976a90
Event: 149.412 Thread 0x00000199624ed9f0 flushing  nmethod 0x000001994e98fa90
Event: 149.414 Thread 0x00000199624ed9f0 flushing  nmethod 0x000001994e9f9910
Event: 149.414 Thread 0x00000199624ed9f0 flushing  nmethod 0x000001994e9fa210
Event: 149.414 Thread 0x00000199624ed9f0 flushing  nmethod 0x000001994e9fab10
Event: 149.416 Thread 0x00000199624ed9f0 flushing  nmethod 0x000001994ea2be90
Event: 149.416 Thread 0x00000199624ed9f0 flushing  nmethod 0x000001994ea4e690
Event: 149.416 Thread 0x00000199624ed9f0 flushing  nmethod 0x000001994ea5ae10
Event: 149.417 Thread 0x00000199624ed9f0 flushing  nmethod 0x000001994ea9ee90
Event: 149.417 Thread 0x00000199624ed9f0 flushing  nmethod 0x000001994eaaf710
Event: 149.417 Thread 0x00000199624ed9f0 flushing  nmethod 0x000001994eabac90
Event: 149.417 Thread 0x00000199624ed9f0 flushing  nmethod 0x000001994ead5190
Event: 149.418 Thread 0x00000199624ed9f0 flushing  nmethod 0x000001994eb1ff90
Event: 149.419 Thread 0x00000199624ed9f0 flushing  nmethod 0x000001994eb85f10
Event: 149.426 Thread 0x00000199624ed9f0 flushing  nmethod 0x000001994f023790
Event: 149.428 Thread 0x00000199624ed9f0 flushing  nmethod 0x000001994f179e90
Event: 149.428 Thread 0x00000199624ed9f0 flushing  nmethod 0x000001994f17a210

Events (20 events):
Event: 77.194 Thread 0x00000199066b6d30 Thread exited: 0x00000199066b6d30
Event: 77.288 Thread 0x00000199089e56c0 Thread exited: 0x00000199089e56c0
Event: 77.351 Thread 0x00000199089e7a30 Thread exited: 0x00000199089e7a30
Event: 77.463 Thread 0x00000199066b6820 Thread exited: 0x00000199066b6820
Event: 79.830 Thread 0x00000199624e73d0 Thread added: 0x0000019907eea540
Event: 81.773 Thread 0x0000019907eea540 Thread exited: 0x0000019907eea540
Event: 81.852 Thread 0x00000199624ebd20 Thread added: 0x0000019907eea540
Event: 88.024 Thread 0x000001991728b200 Thread exited: 0x000001991728b200
Event: 88.024 Thread 0x00000199044f5460 Thread exited: 0x00000199044f5460
Event: 88.036 Thread 0x000001991728df90 Thread exited: 0x000001991728df90
Event: 88.039 Thread 0x000001991728c130 Thread exited: 0x000001991728c130
Event: 88.039 Thread 0x00000199084b8fd0 Thread exited: 0x00000199084b8fd0
Event: 91.591 Thread 0x0000019917295400 Thread added: 0x00000199172944d0
Event: 92.789 Thread 0x0000019917295400 Thread added: 0x0000019917291230
Event: 92.789 Thread 0x0000019917295400 Thread added: 0x00000199172986a0
Event: 94.218 Thread 0x00000199089e14f0 Thread exited: 0x00000199089e14f0
Event: 138.211 Thread 0x000001991728d060 Thread exited: 0x000001991728d060
Event: 138.214 Thread 0x000001991728d570 Thread exited: 0x000001991728d570
Event: 138.266 Thread 0x000001991728eec0 Thread exited: 0x000001991728eec0
Event: 138.270 Thread 0x000001991728da80 Thread exited: 0x000001991728da80


Dynamic libraries:
0x00007ff69b8a0000 - 0x00007ff69b8ae000 	C:\Program Files\Eclipse Adoptium\jdk-17.0.16.8-hotspot\bin\java.exe
0x00007ffa87380000 - 0x00007ffa875e6000 	C:\WINDOWS\SYSTEM32\ntdll.dll
0x00007ffa86330000 - 0x00007ffa863f9000 	C:\WINDOWS\System32\KERNEL32.DLL
0x00007ffa84a30000 - 0x00007ffa84e2e000 	C:\WINDOWS\System32\KERNELBASE.dll
0x00007ffa848d0000 - 0x00007ffa84a1c000 	C:\WINDOWS\System32\ucrtbase.dll
0x00007ffa6c990000 - 0x00007ffa6c9a7000 	C:\Program Files\Eclipse Adoptium\jdk-17.0.16.8-hotspot\bin\jli.dll
0x00007ffa6c970000 - 0x00007ffa6c98e000 	C:\Program Files\Eclipse Adoptium\jdk-17.0.16.8-hotspot\bin\VCRUNTIME140.dll
0x00007ffa86d80000 - 0x00007ffa86f47000 	C:\WINDOWS\System32\USER32.dll
0x00007ffa69fb0000 - 0x00007ffa6a242000 	C:\WINDOWS\WinSxS\amd64_microsoft.windows.common-controls_6595b64144ccf1df_6.0.26100.8894_none_3e0f749ee32e02ea\COMCTL32.dll
0x00007ffa84e40000 - 0x00007ffa84e67000 	C:\WINDOWS\System32\win32u.dll
0x00007ffa86400000 - 0x00007ffa864a9000 	C:\WINDOWS\System32\msvcrt.dll
0x00007ffa86120000 - 0x00007ffa8614b000 	C:\WINDOWS\System32\GDI32.dll
0x00007ffa84630000 - 0x00007ffa8475a000 	C:\WINDOWS\System32\gdi32full.dll
0x00007ffa84820000 - 0x00007ffa848c3000 	C:\WINDOWS\System32\msvcp_win.dll
0x00007ffa871b0000 - 0x00007ffa871e2000 	C:\WINDOWS\System32\IMM32.DLL
0x00007ffa6c960000 - 0x00007ffa6c96c000 	C:\Program Files\Eclipse Adoptium\jdk-17.0.16.8-hotspot\bin\vcruntime140_1.dll
0x00007ffa08df0000 - 0x00007ffa08e7d000 	C:\Program Files\Eclipse Adoptium\jdk-17.0.16.8-hotspot\bin\msvcp140.dll
0x00007ffa06380000 - 0x00007ffa06feb000 	C:\Program Files\Eclipse Adoptium\jdk-17.0.16.8-hotspot\bin\server\jvm.dll
0x00007ffa87280000 - 0x00007ffa87337000 	C:\WINDOWS\System32\ADVAPI32.dll
0x00007ffa86150000 - 0x00007ffa861fa000 	C:\WINDOWS\System32\sechost.dll
0x00007ffa86be0000 - 0x00007ffa86cf8000 	C:\WINDOWS\System32\RPCRT4.dll
0x00007ffa871f0000 - 0x00007ffa87270000 	C:\WINDOWS\System32\WS2_32.dll
0x00007ffa84420000 - 0x00007ffa8447e000 	C:\WINDOWS\SYSTEM32\POWRPROF.dll
0x00007ffa7dda0000 - 0x00007ffa7ddab000 	C:\WINDOWS\SYSTEM32\VERSION.dll
0x00007ffa7dd60000 - 0x00007ffa7dd96000 	C:\WINDOWS\SYSTEM32\WINMM.dll
0x00007ffa84400000 - 0x00007ffa84414000 	C:\WINDOWS\SYSTEM32\UMPDC.dll
0x00007ffa83260000 - 0x00007ffa8327b000 	C:\WINDOWS\SYSTEM32\kernel.appcore.dll
0x00007ffa68c20000 - 0x00007ffa68c2a000 	C:\Program Files\Eclipse Adoptium\jdk-17.0.16.8-hotspot\bin\jimage.dll
0x00007ffa790a0000 - 0x00007ffa792e2000 	C:\WINDOWS\SYSTEM32\DBGHELP.DLL
0x00007ffa850c0000 - 0x00007ffa85443000 	C:\WINDOWS\System32\combase.dll
0x00007ffa85ca0000 - 0x00007ffa85d79000 	C:\WINDOWS\System32\OLEAUT32.dll
0x00007ffa69610000 - 0x00007ffa6964b000 	C:\WINDOWS\SYSTEM32\dbgcore.DLL
0x00007ffa84760000 - 0x00007ffa8480c000 	C:\WINDOWS\System32\bcryptPrimitives.dll
0x00007ffa24750000 - 0x00007ffa2475e000 	C:\Program Files\Eclipse Adoptium\jdk-17.0.16.8-hotspot\bin\instrument.dll
0x00007ffa179a0000 - 0x00007ffa179c5000 	C:\Program Files\Eclipse Adoptium\jdk-17.0.16.8-hotspot\bin\java.dll
0x00007ffa08d10000 - 0x00007ffa08de7000 	C:\Program Files\Eclipse Adoptium\jdk-17.0.16.8-hotspot\bin\jsvml.dll
0x00007ffa85450000 - 0x00007ffa85be2000 	C:\WINDOWS\System32\SHELL32.dll
0x00007ffa82020000 - 0x00007ffa828b2000 	C:\WINDOWS\SYSTEM32\windows.storage.dll
0x00007ffa86020000 - 0x00007ffa86117000 	C:\WINDOWS\System32\SHCORE.dll
0x00007ffa86200000 - 0x00007ffa86267000 	C:\WINDOWS\System32\shlwapi.dll
0x00007ffa844c0000 - 0x00007ffa844e9000 	C:\WINDOWS\SYSTEM32\profapi.dll
0x00007ffa09eb0000 - 0x00007ffa09ec8000 	C:\Program Files\Eclipse Adoptium\jdk-17.0.16.8-hotspot\bin\zip.dll
0x00007ffa143d0000 - 0x00007ffa143e9000 	C:\Program Files\Eclipse Adoptium\jdk-17.0.16.8-hotspot\bin\net.dll
0x00007ffa7b6c0000 - 0x00007ffa7b7e7000 	C:\WINDOWS\SYSTEM32\WINHTTP.dll
0x00007ffa83830000 - 0x00007ffa8389c000 	C:\WINDOWS\system32\mswsock.dll
0x00007ffa123d0000 - 0x00007ffa123e6000 	C:\Program Files\Eclipse Adoptium\jdk-17.0.16.8-hotspot\bin\nio.dll
0x00007ffa4bcf0000 - 0x00007ffa4bd00000 	C:\Program Files\Eclipse Adoptium\jdk-17.0.16.8-hotspot\bin\verify.dll
0x00007ffa26360000 - 0x00007ffa26387000 	C:\Users\devil\.gradle\native\1def1411415f61bf3af743bc5b6707747c0891f09f0c88961ee8f79bc544acac\windows-amd64\native-platform.dll
0x00007ffa095c0000 - 0x00007ffa09638000 	C:\Users\devil\.gradle\native\0.2.7\x86_64-windows-gnu\gradle-fileevents.dll
0x00007ffa32cf0000 - 0x00007ffa32cfa000 	C:\Program Files\Eclipse Adoptium\jdk-17.0.16.8-hotspot\bin\management.dll
0x00007ffa21530000 - 0x00007ffa2153b000 	C:\Program Files\Eclipse Adoptium\jdk-17.0.16.8-hotspot\bin\management_ext.dll
0x00007ffa850b0000 - 0x00007ffa850b8000 	C:\WINDOWS\System32\PSAPI.DLL
0x00007ffa82bf0000 - 0x00007ffa82c23000 	C:\WINDOWS\SYSTEM32\IPHLPAPI.DLL
0x00007ffa86b40000 - 0x00007ffa86b4a000 	C:\WINDOWS\System32\NSI.dll
0x00007ffa7b0e0000 - 0x00007ffa7b0fd000 	C:\WINDOWS\SYSTEM32\dhcpcsvc6.DLL
0x00007ffa7b0b0000 - 0x00007ffa7b0d5000 	C:\WINDOWS\SYSTEM32\dhcpcsvc.DLL
0x00007ffa82c90000 - 0x00007ffa82de6000 	C:\WINDOWS\SYSTEM32\DNSAPI.dll
0x00007ffa83610000 - 0x00007ffa8361d000 	C:\WINDOWS\SYSTEM32\DSPARSE.dll
0x00007ffa1cb30000 - 0x00007ffa1cb39000 	C:\Program Files\Eclipse Adoptium\jdk-17.0.16.8-hotspot\bin\extnet.dll
0x00007ffa83b30000 - 0x00007ffa83b4b000 	C:\WINDOWS\SYSTEM32\CRYPTSP.dll
0x00007ffa831b0000 - 0x00007ffa831e9000 	C:\WINDOWS\system32\rsaenh.dll
0x00007ffa838f0000 - 0x00007ffa83922000 	C:\WINDOWS\SYSTEM32\USERENV.dll
0x00007ffa84490000 - 0x00007ffa844ba000 	C:\WINDOWS\SYSTEM32\bcrypt.dll
0x00007ffa83b50000 - 0x00007ffa83b5c000 	C:\WINDOWS\SYSTEM32\CRYPTBASE.dll
0x00007ffa1c330000 - 0x00007ffa1c33e000 	C:\Program Files\Eclipse Adoptium\jdk-17.0.16.8-hotspot\bin\sunmscapi.dll
0x00007ffa84f30000 - 0x00007ffa850a8000 	C:\WINDOWS\System32\CRYPT32.dll
0x00007ffa83d70000 - 0x00007ffa83da0000 	C:\WINDOWS\SYSTEM32\ncrypt.dll
0x00007ffa83d20000 - 0x00007ffa83d5f000 	C:\WINDOWS\SYSTEM32\NTASN1.dll
0x00007ffa3e830000 - 0x00007ffa3e838000 	C:\WINDOWS\system32\wshunix.dll
0x00007ffa6b6b0000 - 0x00007ffa6b6bb000 	C:\Windows\System32\rasadhlp.dll
0x00007ffa7acc0000 - 0x00007ffa7ad46000 	C:\WINDOWS\System32\fwpuclnt.dll
0x00007ffa26730000 - 0x00007ffa26737000 	C:\Program Files\Eclipse Adoptium\jdk-17.0.16.8-hotspot\bin\rmi.dll
0x00007ffa83390000 - 0x00007ffa833c6000 	C:\WINDOWS\SYSTEM32\ntmarta.dll

dbghelp: loaded successfully - version: 4.0.5 - missing functions: none
symbol engine: initialized successfully - sym options: 0x614 - pdb path: .;C:\Program Files\Eclipse Adoptium\jdk-17.0.16.8-hotspot\bin;C:\WINDOWS\SYSTEM32;C:\WINDOWS\WinSxS\amd64_microsoft.windows.common-controls_6595b64144ccf1df_6.0.26100.8894_none_3e0f749ee32e02ea;C:\Program Files\Eclipse Adoptium\jdk-17.0.16.8-hotspot\bin\server;C:\Users\devil\.gradle\native\1def1411415f61bf3af743bc5b6707747c0891f09f0c88961ee8f79bc544acac\windows-amd64;C:\Users\devil\.gradle\native\0.2.7\x86_64-windows-gnu

VM Arguments:
jvm_args: --add-opens=java.base/java.lang=ALL-UNNAMED --add-opens=java.base/java.lang.invoke=ALL-UNNAMED --add-opens=java.base/java.util=ALL-UNNAMED --add-opens=java.prefs/java.util.prefs=ALL-UNNAMED --add-exports=jdk.compiler/com.sun.tools.javac.api=ALL-UNNAMED --add-exports=jdk.compiler/com.sun.tools.javac.util=ALL-UNNAMED --add-opens=java.base/java.util=ALL-UNNAMED --add-opens=java.prefs/java.util.prefs=ALL-UNNAMED --add-opens=java.base/java.nio.charset=ALL-UNNAMED --add-opens=java.base/java.net=ALL-UNNAMED --add-opens=java.base/java.util.concurrent.atomic=ALL-UNNAMED --add-opens=java.xml/javax.xml.namespace=ALL-UNNAMED -XX:MaxMetaspaceSize=512m -Xmx2048m -Dfile.encoding=windows-1252 -Duser.country=US -Duser.language=en -Duser.variant -javaagent:C:\Users\devil\.gradle\wrapper\dists\gradle-8.14.3-bin\cv11ve7ro1n3o1j4so8xd9n66\gradle-8.14.3\lib\agents\gradle-instrumentation-agent-8.14.3.jar 
java_command: org.gradle.launcher.daemon.bootstrap.GradleDaemon 8.14.3
java_class_path (initial): C:\Users\devil\.gradle\wrapper\dists\gradle-8.14.3-bin\cv11ve7ro1n3o1j4so8xd9n66\gradle-8.14.3\lib\gradle-daemon-main-8.14.3.jar
Launcher Type: SUN_STANDARD

[Global flags]
     intx CICompilerCount                          = 4                                         {product} {ergonomic}
   size_t CompressedClassSpaceSize                 = 436207616                                 {product} {ergonomic}
     uint ConcGCThreads                            = 3                                         {product} {ergonomic}
     uint G1ConcRefinementThreads                  = 10                                        {product} {ergonomic}
   size_t G1HeapRegionSize                         = 1048576                                   {product} {ergonomic}
    uintx GCDrainStackTargetSize                   = 64                                        {product} {ergonomic}
   size_t InitialHeapSize                          = 123731968                                 {product} {ergonomic}
   size_t MarkStackSize                            = 4194304                                   {product} {ergonomic}
   size_t MaxHeapSize                              = 2147483648                                {product} {command line}
   size_t MaxMetaspaceSize                         = 536870912                                 {product} {command line}
   size_t MaxNewSize                               = 1287651328                                {product} {ergonomic}
   size_t MinHeapDeltaBytes                        = 1048576                                   {product} {ergonomic}
   size_t MinHeapSize                              = 8388608                                   {product} {ergonomic}
    uintx NonNMethodCodeHeapSize                   = 5839372                                {pd product} {ergonomic}
    uintx NonProfiledCodeHeapSize                  = 122909434                              {pd product} {ergonomic}
    uintx ProfiledCodeHeapSize                     = 122909434                              {pd product} {ergonomic}
    uintx ReservedCodeCacheSize                    = 251658240                              {pd product} {ergonomic}
     bool SegmentedCodeCache                       = true                                      {product} {ergonomic}
   size_t SoftMaxHeapSize                          = 2147483648                             {manageable} {ergonomic}
     bool UseCompressedClassPointers               = true                           {product lp64_product} {ergonomic}
     bool UseCompressedOops                        = true                           {product lp64_product} {ergonomic}
     bool UseG1GC                                  = true                                      {product} {ergonomic}
     bool UseLargePagesIndividualAllocation        = false                                  {pd product} {ergonomic}

Logging:
Log output configuration:
 #0: stdout all=warning uptime,level,tags
 #1: stderr all=off uptime,level,tags

Environment Variables:
JAVA_HOME=C:\Program Files\Eclipse Adoptium\jdk-17.0.16.8-hotspot
PATH=E:\Own products\Scrap-it-\apps\mobile\node_modules\.bin;E:\Own products\Scrap-it-\apps\node_modules\.bin;E:\Own products\Scrap-it-\node_modules\.bin;E:\Own products\node_modules\.bin;E:\node_modules\.bin;C:\Program Files\nodejs\node_modules\npm\node_modules\@npmcli\run-script\lib\node-gyp-bin;c:\Users\devil\AppData\Roaming\Code\User\globalStorage\github.copilot-chat\debugCommand;c:\Users\devil\AppData\Roaming\Code\User\globalStorage\github.copilot-chat\copilotCli;C:\Program Files\Eclipse Adoptium\jdk-17.0.16.8-hotspot\bin;"C:\Users\devil\AppData\Local\Programs\Python\Python311";C:\Program Files\nodejs\;C:\Program Files\Git\cmd;C:\Program Files\Docker\Docker\resources\bin;C:\Program Files\Redis\;C:\Program Files\NVIDIA Corporation\NVIDIA NvDLISR;C:\Program Files\Git\cmd;C:\flutter sdk\flutter\bin;C:\Program Files\PostgreSQL\16\bin;C:\Users\devil\AppData\Local\Programs\Python\Python311;C:\Users\devil\AppData\Local\Programs\Python\Python311\Scripts;C:\Users\devil\AppData\Local\Programs\Microsoft VS Code\bin;C:\Users\devil\AppData\Roaming\npm;C:\Program Files\Eclipse Adoptium\jdk-17.0.16.8-hotspot\bin;C:\Users\devil\AppData\Local\Android\Sdk\tools;C:\Users\devil\AppData\Local\Android\Sdk\platform-tools;C:\Users\devil\AppData\Local\Android\Sdk\emulator;C:\Users\devil\AppData\Local\Programs\Antigravity\bin;c:\Users\devil\.vscode\extensions\vscjava.vscode-java-debug-0.59.0\bundled\scripts\noConfigScripts
USERNAME=devil
LANG=en_US.UTF-8
OS=Windows_NT
PROCESSOR_IDENTIFIER=AMD64 Family 25 Model 80 Stepping 0, AuthenticAMD
TMP=C:\Users\devil\AppData\Local\Temp
TEMP=C:\Users\devil\AppData\Local\Temp



Periodic native trim disabled


---------------  S Y S T E M  ---------------

OS:
 Windows 11 , 64 bit Build 26100 (10.0.26100.8875)
OS uptime: 3 days 15:05 hours
Hyper-V role detected

CPU: total 12 (initial active 12) (12 cores per cpu, 2 threads per core) family 25 model 80 stepping 0 microcode 0xa50000d, cx8, cmov, fxsr, ht, mmx, 3dnowpref, sse, sse2, sse3, ssse3, sse4a, sse4.1, sse4.2, popcnt, lzcnt, tsc, tscinvbit, avx, avx2, aes, erms, clmul, bmi1, bmi2, adx, sha, fma, vzeroupper, clflush, clflushopt, hv
Processor Information for processor 0
  Max Mhz: 3301, Current Mhz: 3301, Mhz Limit: 3301
Processor Information for processor 1
  Max Mhz: 3301, Current Mhz: 3301, Mhz Limit: 3301
Processor Information for processor 2
  Max Mhz: 3301, Current Mhz: 3301, Mhz Limit: 3301
Processor Information for processor 3
  Max Mhz: 3301, Current Mhz: 3301, Mhz Limit: 3301
Processor Information for processor 4
  Max Mhz: 3301, Current Mhz: 3301, Mhz Limit: 3301
Processor Information for processor 5
  Max Mhz: 3301, Current Mhz: 3301, Mhz Limit: 3301
Processor Information for processor 6
  Max Mhz: 3301, Current Mhz: 3301, Mhz Limit: 3301
Processor Information for processor 7
  Max Mhz: 3301, Current Mhz: 3301, Mhz Limit: 3301
Processor Information for processor 8
  Max Mhz: 3301, Current Mhz: 3301, Mhz Limit: 3301
Processor Information for processor 9
  Max Mhz: 3301, Current Mhz: 3301, Mhz Limit: 3301
Processor Information for processor 10
  Max Mhz: 3301, Current Mhz: 1805, Mhz Limit: 3301
Processor Information for processor 11
  Max Mhz: 3301, Current Mhz: 1805, Mhz Limit: 3301

Memory: 4k page, system-wide physical 7521M (373M free)
TotalPageFile size 31073M (AvailPageFile size 19M)
current process WorkingSet (physical memory assigned to process): 801M, peak: 1257M
current process commit charge ("private bytes"): 2186M, peak: 2189M

vm_info: OpenJDK 64-Bit Server VM (17.0.16+8) for windows-amd64 JRE (17.0.16+8), built on Jul 16 2025 10:37:56 by "admin" with MS VC++ 17.7 (VS2022)

END.
